name	peak	type	upstream	downstream	n_peak	mirrors	elements	n_used	len_p10	len_med	len_p90	cons_len	status
r1_9seqs__r3_58seqs_P1	P1	composite	r1_9seqs	r3_58seqs	9158	P22	9369	60	391	398	399	431	kept
r2_3seqs__r3_58seqs_P6	P6	composite	r2_3seqs	r3_58seqs	5725	P47	5891	60	345	348	351	455	kept
r3_58seqs__r3_58seqs_P9	P9	piecewise	r3_58seqs	r3_58seqs	4300	-	4300	60	249	251	257	287	kept
r5_27seqs__r6_210seqs_P26	P26	composite	r5_27seqs	r6_210seqs	3518	P30	3579	60	355	368	384	376	kept
r1_9seqs__r3_58seqs_P2	P2	piecewise	r1_9seqs	r3_58seqs	3427	-	3427	60	254	256	263	289	kept
r1_9seqs__r3_58seqs_P21	P21	piecewise	r1_9seqs	r3_58seqs	1454	-	1454	60	214	235	263	238	kept
r5_27seqs__r6_210seqs_P27	P27	composite	r5_27seqs	r6_210seqs	1109	P31	1129	60	354	360	383	361	same_as:r5_27seqs__r6_210seqs_P26
r5_27seqs__r3_58seqs_P34	P34	composite	r5_27seqs	r3_58seqs	679	-	679	60	334	340	349	367	kept
r3_58seqs__r3_58seqs_P10	P10	piecewise	r3_58seqs	r3_58seqs	677	-	677	60	249	251	252	320	kept
r1_9seqs__r3_58seqs_P23	P23	piecewise	r1_9seqs	r3_58seqs	504	-	504	60	300	308	311	345	same_as:r1_9seqs__r3_58seqs_P2
r5_27seqs__r3_58seqs_P35	P35	composite	r5_27seqs	r3_58seqs	395	-	395	60	332	340	348	367	same_as:r5_27seqs__r3_58seqs_P34
r1_9seqs__r2_3seqs_P39	P39	piecewise	r1_9seqs	r2_3seqs	387	-	387	60	196	197	197	247	kept
r1_9seqs__r3_58seqs_P3	P3	composite	r1_9seqs	r3_58seqs	364	-	364	60	277	281	290	306	same_as:r1_9seqs__r3_58seqs_P2
r7_133seqs__r3_58seqs_P20	P20	piecewise	r7_133seqs	r3_58seqs	329	-	329	60	196	204	214	204	kept
r3_58seqs__r3_58seqs_P13	P13	homodimer	r3_58seqs	r3_58seqs	270	-	270	60	353	366	447	462	same_as:r1_9seqs__r3_58seqs_P1
r1_9seqs__r3_58seqs_P4	P4	piecewise	r1_9seqs	r3_58seqs	268	-	268	60	254	263	266	297	same_as:r1_9seqs__r3_58seqs_P2
r1_9seqs__r3_58seqs_P5	P5	composite	r1_9seqs	r3_58seqs	260	-	260	60	381	386	393	421	same_as:r1_9seqs__r3_58seqs_P1
r1_9seqs__r2_3seqs_P40	P40	composite	r1_9seqs	r2_3seqs	236	P49	414	60	331	333	336	359	kept
r8_83seqs__r8_83seqs_P42	P42	homodimer	r8_83seqs	r8_83seqs	154	P45	234	60	300	318	336	327	kept
r3_58seqs__r3_58seqs_P12	P12	homodimer	r3_58seqs	r3_58seqs	153	-	153	60	306	321	395	444	kept
r8_83seqs__r6_210seqs_P37	P37	composite	r8_83seqs	r6_210seqs	152	-	152	60	307	356	384	366	same_as:r5_27seqs__r6_210seqs_P26
r8_83seqs__r8_83seqs_P43	P43	homodimer	r8_83seqs	r8_83seqs	139	-	139	60	283	296	312	300	same_as:r8_83seqs__r8_83seqs_P42
r3_58seqs__r3_58seqs_P11	P11	piecewise	r3_58seqs	r3_58seqs	135	-	135	60	213	229	280	219	same_as:r1_9seqs__r3_58seqs_P21
r5_27seqs__r6_210seqs_P29	P29	composite	r5_27seqs	r6_210seqs	130	-	130	60	351	362	378	375	same_as:r5_27seqs__r6_210seqs_P26
r5_27seqs__r3_58seqs_P36	P36	composite	r5_27seqs	r3_58seqs	112	-	112	60	333	339	347	366	same_as:r5_27seqs__r3_58seqs_P34
r10_19seqs__r6_210seqs_P41	P41	piecewise	r10_19seqs	r6_210seqs	101	-	101	60	186	194	206	198	kept
r8_83seqs__r6_210seqs_P38	P38	composite	r8_83seqs	r6_210seqs	95	-	95	60	325	344	359	350	same_as:r8_83seqs__r8_83seqs_P42
r2_3seqs__r3_58seqs_P8	P8	composite	r2_3seqs	r3_58seqs	92	-	92	60	223	258	357	297	same_as:r3_58seqs__r3_58seqs_P10
r10_19seqs__r8_83seqs_P18	P18	piecewise	r10_19seqs	r8_83seqs	90	-	90	60	381	392	408	412	kept
r5_27seqs__r6_210seqs_P28	P28	composite	r5_27seqs	r6_210seqs	85	P32	87	60	359	369	386	372	same_as:r5_27seqs__r6_210seqs_P26
r1_9seqs__r3_58seqs_P24	P24	piecewise	r1_9seqs	r3_58seqs	84	-	84	60	212	217	221	252	same_as:r1_9seqs__r3_58seqs_P2
r3_58seqs__r3_58seqs_P15	P15	piecewise	r3_58seqs	r3_58seqs	83	-	83	60	297	302	311	337	same_as:r1_9seqs__r3_58seqs_P2
r10_19seqs__r8_83seqs_P16	P16	composite	r10_19seqs	r8_83seqs	79	-	79	60	370	384	404	390	same_as:r10_19seqs__r8_83seqs_P18
r5_27seqs__r5_27seqs_P48	P48	homodimer	r5_27seqs	r5_27seqs	73	-	73	60	291	307	323	309	same_as:r5_27seqs__r6_210seqs_P26
r10_19seqs__r8_83seqs_P17	P17	composite	r10_19seqs	r8_83seqs	71	-	71	60	348	361	377	372	same_as:r10_19seqs__r8_83seqs_P18
r2_3seqs__r3_58seqs_P7	P7	composite	r2_3seqs	r3_58seqs	69	-	69	60	295	328	364	364	same_as:r5_27seqs__r3_58seqs_P34
r3_58seqs__r2_3seqs_P46	P46	piecewise	r3_58seqs	r2_3seqs	66	-	66	60	195	197	199	225	same_as:r1_9seqs__r2_3seqs_P39
r3_58seqs__r3_58seqs_P14	P14	piecewise	r3_58seqs	r3_58seqs	63	-	63	60	293	300	307	338	same_as:r3_58seqs__r3_58seqs_P9
r10_19seqs__r8_83seqs_P19	P19	piecewise	r10_19seqs	r8_83seqs	55	-	55	55	341	355	370	363	same_as:r10_19seqs__r8_83seqs_P18
r9_15seqs__r8_83seqs_P33	P33	piecewise	r9_15seqs	r8_83seqs	55	-	55	55	156	166	173	165	kept
r1_9seqs__r3_58seqs_P25	P25	piecewise	r1_9seqs	r3_58seqs	54	-	54	54	218	238	261	281	same_as:r3_58seqs__r3_58seqs_P9
r1_9seqs__r6_210seqs_P44	P44	piecewise	r1_9seqs	r6_210seqs	51	-	51	51	196	202	239	208	same_as:r1_9seqs__r2_3seqs_P39
