plate	side	status	bp	cover_at_end
vmu_MEG-RL_rand100.aln.fa	3	none	0	0.43
vmu_MEG-RL_rand100.aln.fa	5	none	0	1.0
vmu_MEG-RL_top100.aln.fa	3	none	0	0.43
vmu_MEG-RL_top100.aln.fa	5	none	0	1.0
vmu_MEG-RS_rand100.aln.fa	3	unresolved	302	0.05
vmu_MEG-RS_rand100.aln.fa	5	unresolved	895	0.49
vmu_MEG-RS_subfam.aln.fa	3	none	0	0.0
vmu_MEG-RS_subfam.aln.fa	5	unresolved	14	0.46
vmu_MEG-RS_top100.aln.fa	3	unresolved	25	0.49
vmu_MEG-RS_top100.aln.fa	5	unresolved	632	0.43
vmu_MEG-T2_rand100.aln.fa	3	ends	57	0.77
vmu_MEG-T2_rand100.aln.fa	5	none	0	0.91
vmu_MEG-T2_top100.aln.fa	3	ends	48	0.98
vmu_MEG-T2_top100.aln.fa	5	none	0	1.0
vmu_MEG-TR_rand100.aln.fa	3	unresolved	89	0.49
vmu_MEG-TR_rand100.aln.fa	5	ends	47	0.98
vmu_MEG-TR_top100.aln.fa	3	ends	33	0.61
vmu_MEG-TR_top100.aln.fa	5	unresolved	76	0.48
vmu_Rhin-1_rand100.aln.fa	3	ends	9	0.99
vmu_Rhin-1_rand100.aln.fa	5	none	0	1.0
vmu_Rhin-1_top100.aln.fa	3	ends	9	0.99
vmu_Rhin-1_top100.aln.fa	5	none	0	1.0
vmu_VES_rand100.aln.fa	3	none	0	1.0
vmu_VES_rand100.aln.fa	5	none	0	1.0
vmu_VES_subfam.aln.fa	3	none	0	0.0
vmu_VES_subfam.aln.fa	5	none	0	0.0
vmu_VES_top100.aln.fa	3	none	0	1.0
vmu_VES_top100.aln.fa	5	none	0	1.0
