S	4	200	167	83.5	94.5	11.0
S	5	200	167	83.5	94.5	11.0
S	6	200	117	58.5	87.5	29.0
S	7	200	75	37.5	83.0	45.5
S	8	200	55	27.5	79.5	52.0
S	9	200	47	23.5	79.0	55.5
S	10	200	47	23.5	79.0	55.5
S	11	200	27	13.5	72.5	59.0
S	12	200	17	8.5	66.5	58.0
S	13	200	12	6.0	59.5	53.5
S	14	200	9	4.5	53.0	48.5
S	chosen_min_len	14
B	4	81	75	92.6	92.6	0.0
B	5	81	75	92.6	92.6	0.0
B	6	81	50	61.7	84.0	22.2
B	7	81	23	28.4	60.5	32.1
B	8	81	16	19.8	38.3	18.5
B	9	81	13	16.0	29.6	13.6
B	10	81	13	16.0	28.4	12.3
B	11	81	6	7.4	18.5	11.1
B	12	81	3	3.7	13.6	9.9
B	13	81	2	2.5	11.1	8.6
B	14	81	1	1.2	9.9	8.6
B	chosen_min_len	12
A	4	200	176	88.0	95.5	7.5
A	5	200	176	88.0	95.5	7.5
A	6	200	122	61.0	90.0	29.0
A	7	200	78	39.0	74.0	35.0
A	8	200	51	25.5	62.0	36.5
A	9	200	44	22.0	55.0	33.0
A	10	200	44	22.0	54.0	32.0
A	11	200	24	12.0	45.0	33.0
A	12	200	12	6.0	37.5	31.5
A	13	200	5	2.5	32.5	30.0
A	14	200	4	2.0	28.5	26.5
A	chosen_min_len	13
