family	copies	copies_in_arrays	pct_in_arrays	arrays	largest_array	median_spacing_bp	flag
r1_r3_P1	14513	5	0.0	1	5	3418	-
MEG-RL	9	0	0.0	0	0	0	-
MEG-RS	128	0	0.0	0	0	0	-
MEG-T2	110	0	0.0	0	0	0	-
MEG-TR	19	0	0.0	0	0	0	-
r10_19seqs	785	0	0.0	0	0	0	-
r10_r8_P18	4241	0	0.0	0	0	0	-
r1_9seqs	24	0	0.0	0	0	0	-
r1_r2_r3_r3_C11	2917	0	0.0	0	0	0	-
r1_r3_P2	6863	0	0.0	0	0	0	-
r2_3seqs	17	0	0.0	0	0	0	-
r3_58seqs	58	0	0.0	0	0	0	-
r4_32seqs	14	0	0.0	0	0	0	-
r5_27seqs	1912	0	0.0	0	0	0	-
r5_r3_P34	1613	0	0.0	0	0	0	-
r5_r5_P48	465	0	0.0	0	0	0	-
r5_r6_P26	5652	0	0.0	0	0	0	-
r6_210seqs	6865	0	0.0	0	0	0	-
r7_133seqs	6846	0	0.0	0	0	0	-
r8_83seqs	3351	0	0.0	0	0	0	-
r9_15seqs	6844	0	0.0	0	0	0	-
