family	copies	bank_bp	run1_bp	run1_mm	run1_gaps	run2_bp	run2_mm	run2_gaps	run1_vs_run2_mm
MEG-RL	12	207	-	-	-	-	-	-	-
MEG-RS	1733	135	113	9	24	113	9	24	0
MEG-T2	112	232	52	0	180	53	0	179	3
MEG-TR	21	196	37	0	159	37	0	159	0
r10_19seqs	848	146	145	0	7	145	0	9	0
r10_r8_P18	4900	426	357	1	71	367	1	59	7
r1_9seqs	43	155	111	0	44	111	0	44	0
r1_r2_r3_r3_C11	3195	608	628	2	30	627	1	31	0
r1_r3_P1	14638	448	446	2	2	446	2	2	0
r1_r3_P2	6967	304	309	4	7	309	2	9	1
r2_3seqs	16	146	-	-	-	-	-	-	-
r3_58seqs	65	201	190	0	11	190	0	11	0
r4_32seqs	12	144	-	-	-	-	-	-	-
r5_27seqs	1921	178	176	0	2	178	1	0	0
r5_r3_P34	1654	370	382	2	12	382	1	14	0
r5_r5_P48	506	308	305	3	31	300	2	30	1
r5_r6_P26	5836	376	373	0	3	373	1	3	1
r6_210seqs	6668	225	225	0	4	225	0	2	0
r7_133seqs	6870	154	179	0	25	177	0	23	0
r8_83seqs	3436	181	182	0	1	183	0	2	0
r9_15seqs	6894	105	105	0	0	104	0	1	0
