family	copies	bank_bp	rebuilt_bp_s1	mismatches_s1	gap_columns_s1	rebuilt_bp_s2	mismatches_s2	gap_columns_s2	rebuilds_differ_mm	verdict
MEG-RL	12	207								SKIPPED
MEG-RS	1733	135	114	9	23	114	9	23	0	DIVERGED
MEG-T2	112	232	54	0	178	52	0	180	2	SHORTER
MEG-TR	21	196	37	0	159	37	0	159	0	SHORTER
r10_19seqs	848	146	145	0	9	143	0	11	0	MATCH
r10_r8_P18	4900	426	361	1	65	361	1	65	2	SHORTER
r1_9seqs	43	155	111	0	44	111	0	44	0	SHORTER
r1_r2_r3_r3_C11	3195	608	625	0	33	625	1	33	0	MATCH
r1_r3_P1	14638	448	450	2	4	446	3	2	0	MATCH
r1_r3_P2	6967	304	309	1	7	309	2	7	1	MATCH
r2_3seqs	16	146								SKIPPED
r3_58seqs	65	201	190	0	11	190	0	11	0	SHORTER
r4_32seqs	12	144								SKIPPED
r5_27seqs	1921	178	173	0	5	175	0	3	0	MATCH
r5_r3_P34	1654	370	382	2	14	383	2	15	0	MATCH
r5_r5_P48	506	308	301	2	37	296	3	28	0	MATCH
r5_r6_P26	5836	376	373	0	3	369	0	7	0	MATCH
r6_210seqs	6668	225	228	1	7	225	1	4	0	MATCH
r7_133seqs	6870	154	179	0	25	180	0	26	0	LONGER
r8_83seqs	3436	181	181	0	2	182	0	1	0	MATCH
r9_15seqs	6894	105	105	0	0	105	0	0	0	MATCH
