consensus	cons_len	full_hits	kindA_loci	kindA_monomers	kindA_largest	kindB_runs	kindB_pct	kindB_excess_pct	kindB_long_min	kindB_long_runs	flag_A	flag_B
MEG-RL	207	6	0	0	0	0	0.0	0.0	-	0	-	-
MEG-RS	135	1755	0	0	0	21	91.2	91.2	7	21	-	SAT_B
MEG-T2	232	120	3	36	16	0	0.0	0.0	-	0	SAT_A	-
MEG-TR	196	173	0	0	0	1	41.6	41.6	72	1	-	SAT_B
r10_19seqs	146	65925	0	0	0	200	1.7	1.4	8	7	-	-
r10_r8_P18	426	14923	17	167	38	3	0.1	0.1	5	3	SAT_A	-
r1_9seqs	155	36105	0	0	0	45	0.7	0.7	5	45	-	-
r1_r2_r3_r3_C11	608	5416	11	140	58	0	0.0	0.0	-	0	SAT_A	-
r1_r3_P1	448	22507	0	0	0	7	0.2	0.2	5	7	-	-
r1_r3_P2	304	27810	0	0	0	34	0.7	0.7	5	34	-	-
r2_3seqs	146	59228	0	0	0	185	1.7	1.6	6	65	-	-
r3_58seqs	201	45390	0	0	0	167	2.1	2.0	5	167	-	-
r4_32seqs	144	67259	0	0	0	230	1.9	1.7	7	26	-	-
r5_27seqs	178	43743	0	0	0	134	1.7	1.6	5	134	-	-
r5_r3_P34	370	27291	2	8	5	24	0.5	0.5	5	24	SAT_A	-
r5_r5_P48	308	32983	0	0	0	69	1.2	1.1	5	69	-	-
r5_r6_P26	376	26473	0	0	0	35	0.7	0.7	5	35	-	-
r6_210seqs	225	35341	0	0	0	64	1.0	1.0	5	64	-	-
r7_133seqs	154	64643	0	0	0	249	2.1	2.0	6	84	-	-
r8_83seqs	181	37048	1	6	6	65	0.9	0.9	5	65	SAT_A	-
r9_15seqs	105	83008	0	0	0	365	2.4	2.0	8	17	-	-
