contig	start	end	period	copies	pmatch	score	aln_len	pct_id	cons_start	cons_end	span_ok
NC@U@142501.1	84404841	84405266	88	4.8	89	640	91	67.4	120	208	yes
NC@U@142501.1	212233662	212234054	79	5.0	98	758	157	63.2	152	303	no
NC@U@142502.1	1256906	1257666	91	8.4	88	1127	148	67.2	151	284	no
NC@U@142503.1	96294407	96294800	89	4.4	96	719	151	63.9	116	263	no
NC@U@142503.1	100232018	100234338	124	18.8	70	1804	212	64.2	132	327	no
NC@U@142506.1	49910130	49910849	108	6.8	87	949	180	67.7	117	280	no
NC@U@142508.1	1962734	1965395	70	38.2	70	1668	143	70.8	139	278	no
NC@U@142508.1	78288000	78288332	67	5.0	92	547	112	63.8	174	285	no
NC@U@142509.1	30184174	30192326	140	58.2	99	15935	150	79.4	3	140	yes
NC@U@142510.1	18336368	18336664	65	4.6	96	557	120	69.6	135	249	no
NC@U@142512.1	40852951	40853191	59	4.1	97	454	83	66.3	20	102	no
NC@U@142513.1	48123377	48124337	62	15.5	79	896	110	68.9	137	242	no
NC@U@142514.1	151995852	151996472	136	4.6	91	969	183	71.3	3	177	no
NC@U@142514.1	186319263	186320419	61	18.9	90	1676	115	68.2	124	233	no
NC@U@142515.1	1820084	1820507	80	5.3	90	659	131	63.2	158	285	no
NC@U@142515.1	94394654	94396031	298	4.8	78	1624	68	95.5	2	69	yes
NC@U@142516.1	1448584	1448848	66	4.0	94	467	117	71.7	113	225	no
NC@U@142516.1	2177953	2178498	71	7.7	89	794	114	67.7	212	320	no
NC@U@142516.1	4077397	4077891	59	8.3	80	532	105	64.4	171	275	no
NC@U@142516.1	86725603	86726541	123	7.6	71	793	200	59.0	130	327	no
NC@U@142517.1	112941951	112942542	143	4.2	84	818	185	76.7	8	182	no
NC@U@142518.1	68085846	68086457	139	4.6	70	560	174	73.9	5	167	no
NW@U@028290710.1	1369495	1369735	59	4.1	73	215	107	69.0	128	230	no
