code	species	genome_bp	annosine_seeds	scan_candidates	candidates_total	kept_after_thinning	thinned_singletons	chunk_consensi	finished_2026-10-01_PDT
aeg	Aegaeobuthus cyprius	1161701143	22	3856	3878	2449	1429	49	2026-10-01 06:40
amu	Androctonus mauritanicus	1153780047	35	10170	10205	6752	3453	136	2026-10-01 06:27
bku	Buthus kunti	1176809298	26	7901	7927	5062	2865	102	2026-10-01 07:38
bxa	Belisarius xambeui	4031753809	34	39447	39481	27470	12011	550	2026-10-01 10:09
csc	Centruroides sculpturatus	938255446	37	8533	8570	4799	3771	96	2026-10-01 05:37
cvi	Centruroides vittatus	769941831	15	6884	6899	3568	3331	72	2026-10-01 04:23
efe	Euscorpius feti	4426469242	112	21717	21829	16477	5352	330	2026-10-01 11:09
hta	Hottentotta tamulus	870174003	33	7480	7513	4118	3395	83	2026-10-01 04:38
oma	Olivierus martensii	944528837	33	8976	9009	6535	2474	131	2026-10-01 05:23
