name	group_0.90	group_0.80	group_0.70
REF_Rhin-1	G3	G2	G2
REF_r8_83seqs	G3	G2	G2
Rhin-1__rre_Rhinolophidae_n100_s100	G3	G2	G2
r8_83seqs__rsi_Rhinolophidae_n100_s100	G3	G2	G2
Rhin-1__rda_Rhinolophidae_n100_s100	G3	G2	G2
Rhin-1__hla_Hipposideridae_n100_s100	G3	G2	G2
REF_r7_133seqs	G3	G2	G2
r7_133seqs__rsi_Rhinolophidae_n100_s100	G3	G2	G2
REF_r9_15seqs	G10	G2	G2
r9_15seqs__rsi_Rhinolophidae_n100_s100	G10	G2	G2
Rhin-1__tpe_Rhinonycteridae_n100_s100	G3	G2	G2
REF_r5_27seqs	G3	G2	G2
r5_27seqs__rsi_Rhinolophidae_n100_s100	G3	G2	G2
REF_r6_210seqs	G4	G2	G2
r6_210seqs__rsi_Rhinolophidae_n100_s100	G4	G2	G2
REF_r1_9seqs	G4	G2	G2
r1_9seqs__rsi_Rhinolophidae_n100_s91	G4	G2	G2
REF_r3_58seqs	G4	G2	G2
r3_58seqs__rsi_Rhinolophidae_n100_s100	G4	G2	G2
REF_r2_3seqs	G4	G2	G2
r2_3seqs__rsi_Rhinolophidae_n100_s100	G4	G2	G2
REF_r4_32seqs	G4	G2	G2
r4_32seqs__rsi_Rhinolophidae_n67_s91	G4	G2	G2
REF_r10_19seqs	G9	G6	G2
r10_19seqs__rsi_Rhinolophidae_n100_s100	G9	G6	G2
Rhin-1__cse_Cistugidae_n100_s100	-	G3	G3
Rhin-1__fho_Furipteridae_n100_s100	G2	G3	G3
Rhin-1__mme_Mormoopidae_n100_s100	G2	G3	G3
Rhin-1__tbr_Molossidae_n100_s100	G2	G3	G3
Rhin-1__ntu_Natalidae_n100_s100	G2	G3	G3
Rhin-1__tni_Phyllostomidae_n100_s100	G2	G3	G3
Rhin-1__msc_Miniopteridae_n100_s100	G2	G3	G3
Rhin-1__mev_Vespertilionidae_n100_s100	G2	G3	G3
Rhin-1__mtu_Mystacinidae_n100_s100	G2	G3	G3
Rhin-1__nth_Nycteridae_n100_s100	G2	G3	G3
Rhin-1__mau_Myzopodidae_n100_s100	G2	G3	G3
Rhin-1__vmu_Vespertilionidae_n100_s99	G2	G3	G3
Rhin-1__ttr_Thyropteridae_n100_s100	G2	G3	G3
Rhin-1__nle_Noctilionidae_n100_s100	G2	G3	G3
Rhin-1__rna_Emballonuridae_n100_s100	G2	G3	G3
VES__nth_Nycteridae_n100_s100	G2	G3	G3
REF_VES	G6	G4	G4
VES__mev_Vespertilionidae_n100_s100	G6	G4	G4
VES__vmu_Vespertilionidae_n100_s100	G6	G4	G4
VES__cse_Cistugidae_n100_s100	-	G4	G4
VES__fho_Furipteridae_n100_s100	G5	G4	G4
VES__mme_Mormoopidae_n100_s100	G5	G4	G4
VES__nle_Noctilionidae_n100_s100	G5	G4	G4
VES__tni_Phyllostomidae_n100_s100	G5	G4	G4
VES__mtu_Mystacinidae_n100_s100	G5	G4	G4
VES__ttr_Thyropteridae_n100_s100	G5	G4	G4
VES__tbr_Molossidae_n100_s100	-	G4	G4
VES__ntu_Natalidae_n100_s100	-	G4	G4
VES__mau_Myzopodidae_n100_s100	-	G4	G4
VES__msc_Miniopteridae_n100_s100	-	G4	G4
VES__cth_Craseonycteridae_n100_s100	-	-	-
VES__rna_Emballonuridae_n100_s94	-	-	G3
Rhin-1__lly_Megadermatidae_n100_s94	-	G7	G6
Rhin-1__mgi_Megadermatidae_n100_s39	-	G7	G6
MEG-T2__rmi_Rhinopomatidae_n100_s39	-	-	-
Rhin-1__rmi_Rhinopomatidae_n100_s100	G11	G8	G7
VES__rmi_Rhinopomatidae_n100_s100	G11	G8	G7
Rhin-1__cth_Craseonycteridae_n100_s97	-	-	-
VES__rle_Pteropodidae_n14_s56	-	-	-
REF_MEG-RL	G1	G1	G1
MEG-RL__rle_Pteropodidae_n100_s100	G1	G1	G1
REF_MEG-RS	G1	G1	G1
MEG-RS__rle_Pteropodidae_n100_s100	G1	G1	G1
MEG-RS__cse_Cistugidae_n100_s45	G1	G1	G1
MEG-RS__tbr_Molossidae_n100_s45_core	G1	G1	G1
MEG-RS__tni_Phyllostomidae_n100_s45_core	G1	G1	G1
MEG-RS__mev_Vespertilionidae_n100_s45_core	G1	G1	G1
MEG-RS__fho_Furipteridae_n100_s45_core	G1	G1	G1
MEG-RS__vmu_Vespertilionidae_n100_s45	G1	G1	G1
MEG-TR__rsi_Rhinolophidae_n100_s45	G1	G1	G1
MEG-RS__msc_Miniopteridae_n69_s100	G1	G1	G1
REF_MEG-TR	G1	G1	G1
MEG-TR__rle_Pteropodidae_n100_s100	G1	G1	G1
MEG-RS__mau_Myzopodidae_n100_s100	G1	G1	G1
MEG-RS__nle_Noctilionidae_n100_s100	G1	G1	G1
MEG-RS__mtu_Mystacinidae_n100_s100	G1	G1	G1
MEG-RS__ttr_Thyropteridae_n65_s98	G1	G1	G1
MEG-RS__ntu_Natalidae_n74_s45	G1	G1	G1
MEG-RS__mme_Mormoopidae_n100_s98	G1	G1	G1
MEG-RS__rsi_Rhinolophidae_n100_s45	G1	G1	G1
MEG-RS__hla_Hipposideridae_n36_s100	-	G1	G1
MEG-RL__rsi_Rhinolophidae_n22_s72	-	G1	G1
MEG-RL__rna_Emballonuridae_n25_s49	-	G1	G1
MEG-RL__tpe_Rhinonycteridae_n16_s78	-	-	G1
MEG-RL__hla_Hipposideridae_n100_s45	G7	G1	G1
MEG-TR__hla_Hipposideridae_n100_s45	G7	G1	G1
MEG-RL__lly_Megadermatidae_n23_s45	-	G1	G1
MEG-RL__rre_Rhinolophidae_n18_s43	-	-	G1
MEG-RL__mau_Myzopodidae_n13_s50	-	G1	G1
MEG-RS__rre_Rhinolophidae_n21_s85	-	-	G1
MEG-RS__tpe_Rhinonycteridae_n23_s70	-	-	G1
MEG-RL__tbr_Molossidae_n9_s66	-	-	-
MEG-RL__mev_Vespertilionidae_n6_s0	-	-	-
MEG-RL__vmu_Vespertilionidae_n6_s0	-	-	-
MEG-RL__rda_Rhinolophidae_n13_s48	-	-	-
MEG-RS__rna_Emballonuridae_n11_s57	-	-	-
MEG-RL__tni_Phyllostomidae_n9_s69	-	-	-
MEG-RS__rda_Rhinolophidae_n10_s43	-	-	-
REF_MEG-T2	G8	G5	G5
MEG-T2__rle_Pteropodidae_n100_s100	G8	G5	G5
MEG-RL__cse_Cistugidae_n6_s0	-	-	-
MEG-RS__mgi_Megadermatidae_n9_s63	-	-	-
MEG-RL__cth_Craseonycteridae_n8_s47	-	-	-
MEG-RS__lly_Megadermatidae_n17_s47	-	-	-
MEG-TR__mtu_Mystacinidae_n26_s68	-	-	-
MEG-RL__msc_Miniopteridae_n12_s35	-	-	-
MEG-TR__vmu_Vespertilionidae_n36_s45_core	-	-	-
MEG-T2__cse_Cistugidae_n100_s45_core	-	-	-
Rhin-1__rle_Pteropodidae_n9_s49	-	-	-
MEG-T2__vmu_Vespertilionidae_n100_s45	-	-	-
MEG-RL__nle_Noctilionidae_n12_s38	-	-	-
MEG-RS__nth_Nycteridae_n7_s0	-	-	-
MEG-RL__mtu_Mystacinidae_n8_s56	-	-	-
MEG-RL__ntu_Natalidae_n6_s0	-	-	-
MEG-RL__mgi_Megadermatidae_n7_s0	-	-	-
MEG-RL__fho_Furipteridae_n7_s0	-	-	-
MEG-RS__rmi_Rhinopomatidae_n86_s45	-	-	-
