code	family	n	score	flags
cse	MEG-TR	14	0.0	NO_ELEMENT,INSUFFICIENT_COPIES,NO_FLANKS_PRESENT
cth	MEG-RS	4	0.1	INSUFFICIENT_COPIES,NO_FLANKS_PRESENT
cth	MEG-T2	67	0.0	SMALL_CORE,NO_ELEMENT
cth	MEG-TR	27	0.0	SMALL_CORE,NO_ELEMENT,INSUFFICIENT_COPIES
fho	MEG-T2	100	0.0	SMALL_CORE,NO_ELEMENT
fho	MEG-TR	17	0.0	NO_ELEMENT,INSUFFICIENT_COPIES,NO_FLANKS_PRESENT
hla	MEG-T2	90	0.0	SMALL_CORE,NO_ELEMENT
hla	VES	22	0.0	SMALL_CORE,NO_ELEMENT,INSUFFICIENT_COPIES
lly	MEG-T2	85	0.0	SMALL_CORE,NO_ELEMENT
lly	MEG-TR	24	0.0	SMALL_CORE,NO_ELEMENT,INSUFFICIENT_COPIES
lly	VES	11	0.0	NO_ELEMENT,INSUFFICIENT_COPIES,NO_FLANKS_PRESENT
mau	MEG-T2	40	0.0	SMALL_CORE,NO_ELEMENT
mau	MEG-TR	17	0.0	NO_ELEMENT,INSUFFICIENT_COPIES,NO_FLANKS_PRESENT
mev	MEG-T2	100	0.0	SMALL_CORE,NO_ELEMENT
mev	MEG-TR	19	0.0	NO_ELEMENT,INSUFFICIENT_COPIES,NO_FLANKS_PRESENT
mgi	MEG-T2	70	0.0	SMALL_CORE,NO_ELEMENT
mgi	MEG-TR	16	0.0	NO_ELEMENT,INSUFFICIENT_COPIES,NO_FLANKS_PRESENT
mgi	VES	12	0.0	NO_ELEMENT,INSUFFICIENT_COPIES,NO_FLANKS_PRESENT
mme	MEG-RL	13	0.0	NO_ELEMENT,INSUFFICIENT_COPIES,NO_FLANKS_PRESENT
mme	MEG-T2	56	0.0	SMALL_CORE,NO_ELEMENT
mme	MEG-TR	21	0.0	SMALL_CORE,NO_ELEMENT,INSUFFICIENT_COPIES
msc	MEG-T2	100	0.0	SMALL_CORE,NO_ELEMENT
msc	MEG-TR	17	0.0	NO_ELEMENT,INSUFFICIENT_COPIES,NO_FLANKS_PRESENT
mtu	MEG-T2	100	0.0	SMALL_CORE,NO_ELEMENT
nle	MEG-T2	100	0.0	SMALL_CORE,NO_ELEMENT
nle	MEG-TR	54	0.0	NO_ELEMENT,SUBFAMILY_NOTE,FLANKS_UNMEASURED,RECOVERABLE_CORE
nth	MEG-RL	4	0.1	INSUFFICIENT_COPIES,NO_FLANKS_PRESENT
nth	MEG-T2	98	0.0	SMALL_CORE,NO_ELEMENT
nth	MEG-TR	23	0.0	SMALL_CORE,NO_ELEMENT,INSUFFICIENT_COPIES
ntu	MEG-T2	77	0.0	SMALL_CORE,NO_ELEMENT
ntu	MEG-TR	14	0.0	NO_ELEMENT,INSUFFICIENT_COPIES,NO_FLANKS_PRESENT
rda	MEG-T2	100	0.0	SMALL_CORE,NO_ELEMENT
rda	MEG-TR	18	0.0	NO_ELEMENT,INSUFFICIENT_COPIES,NO_FLANKS_PRESENT
rmi	MEG-RL	4	0.1	INSUFFICIENT_COPIES,NO_FLANKS_PRESENT
rmi	MEG-TR	23	0.0	SMALL_CORE,NO_ELEMENT,INSUFFICIENT_COPIES
rna	MEG-T2	100	0.0	SMALL_CORE,NO_ELEMENT
rna	MEG-TR	16	0.0	NO_ELEMENT,INSUFFICIENT_COPIES,NO_FLANKS_PRESENT
rre	MEG-T2	100	0.0	SMALL_CORE,NO_ELEMENT
rre	MEG-TR	15	0.0	NO_ELEMENT,INSUFFICIENT_COPIES,NO_FLANKS_PRESENT
rsi	MEG-T2	100	0.0	SMALL_CORE,NO_ELEMENT
tbr	MEG-T2	92	0.0	SMALL_CORE,NO_ELEMENT
tbr	MEG-TR	24	0.0	SMALL_CORE,NO_ELEMENT,INSUFFICIENT_COPIES
tni	MEG-T2	100	0.0	SMALL_CORE,NO_ELEMENT
tni	MEG-TR	16	0.0	NO_ELEMENT,INSUFFICIENT_COPIES,NO_FLANKS_PRESENT
tpe	MEG-T2	100	0.0	SMALL_CORE,NO_ELEMENT
tpe	MEG-TR	20	0.0	SMALL_CORE,NO_ELEMENT,INSUFFICIENT_COPIES
tpe	VES	36	0.0	SMALL_CORE,NO_ELEMENT
ttr	MEG-RL	1	0.1	INSUFFICIENT_COPIES,NO_FLANKS_PRESENT
ttr	MEG-T2	88	0.0	SMALL_CORE,NO_ELEMENT
ttr	MEG-TR	26	0.0	SMALL_CORE,NO_ELEMENT,INSUFFICIENT_COPIES
