A	r2_3seqs	NC@U@142509.1:30184174-30192326	140	58.2	1-136	r10_19seqs,r10_r8_P18,r1_9seqs,r1_r2_r3_r3_C11,r1_r3_P1,r1_r3_P2,r3_58seqs,r4_32seqs,r5_27seqs,r5_r3_P34,r5_r5_P48,r5_r6_P26,r6_210seqs,r7_133seqs,r8_83seqs,r9_15seqs	59	A01_r2_3seqs_NC_142509.1_30184174_p140_x58.aln.fa
A	r10_r8_P18	NC@U@142508.1:1962734-1965395	70	38.2	139-278	-	36	A02_r10_r8_P18_NC_142508.1_1962734_p70_x38.aln.fa
A	r10_r8_P18	NC@U@142514.1:186319263-186320419	61	18.9	124-233	-	17	A03_r10_r8_P18_NC_142514.1_186319263_p61_x18.aln.fa
A	r10_r8_P18	NC@U@142503.1:100232018-100234338	124	18.8	132-327	-	19	A04_r10_r8_P18_NC_142503.1_100232018_p124_x18.aln.fa
A	r1_r3_P1	NC@U@142513.1:59023258-59024602	73	18.7	286-388	r1_r2_r3_r3_C11	16	A05_r1_r3_P1_NC_142513.1_59023258_p73_x18.aln.fa
A	r3_58seqs	NC@U@142513.1:62347727-62348906	74	16.3	86-188	r1_r2_r3_r3_C11	14	A06_r3_58seqs_NC_142513.1_62347727_p74_x16.aln.fa
A	MEG-T2	NC@U@142501.1:214694886-214696318	89	16.1	100-200	-	20	A07_MEG-T2_NC_142501.1_214694886_p89_x16.aln.fa
A	r10_r8_P18	NC@U@142513.1:48123377-48124337	62	15.5	137-242	-	16	A08_r10_r8_P18_NC_142513.1_48123377_p62_x15.aln.fa
A	MEG-T2	NC@U@142510.1:2305379-2306076	60	11.8	41-135	-	19	A09_MEG-T2_NC_142510.1_2305379_p60_x11.aln.fa
A	r1_r2_r3_r3_C11	NC@U@142503.1:89688481-89689094	63	10.7	429-520	-	10	A10_r1_r2_r3_r3_C11_NC_142503.1_89688481_p63_x10.aln.fa
A	r1_r2_r3_r3_C11	NC@U@142506.1:66517611-66518218	71	8.7	470-534	r1_r3_P1,r1_r3_P2,r3_58seqs	8	A11_r1_r2_r3_r3_C11_NC_142506.1_66517611_p71_x8.aln.fa
A	MEG-T2	NC@U@142505.1:1129014-1129565	65	8.4	41-133	-	13	A12_MEG-T2_NC_142505.1_1129014_p65_x8.aln.fa
A	r10_r8_P18	NC@U@142502.1:1256906-1257666	91	8.4	151-284	-	12	A13_r10_r8_P18_NC_142502.1_1256906_p91_x8.aln.fa
A	r10_r8_P18	NC@U@142516.1:4077397-4077891	59	8.3	171-275	-	8	A14_r10_r8_P18_NC_142516.1_4077397_p59_x8.aln.fa
A	r10_r8_P18	NC@U@142516.1:2177953-2178498	71	7.7	212-320	-	8	A15_r10_r8_P18_NC_142516.1_2177953_p71_x7.aln.fa
A	r10_r8_P18	NC@U@142516.1:86725603-86726541	123	7.6	130-327	-	8	A16_r10_r8_P18_NC_142516.1_86725603_p123_x7.aln.fa
A	r10_r8_P18	NC@U@142506.1:49910130-49910849	108	6.8	117-280	-	7	A17_r10_r8_P18_NC_142506.1_49910130_p108_x6.aln.fa
A	r7_133seqs	NC@U@142508.1:42840943-42841710	115	6.7	96-154	r1_r2_r3_r3_C11,r8_83seqs	8	A18_r7_133seqs_NC_142508.1_42840943_p115_x6.aln.fa
A	r1_r2_r3_r3_C11	NC@U@142513.1:63101332-63101965	103	6.1	470-537	-	7	A19_r1_r2_r3_r3_C11_NC_142513.1_63101332_p103_x6.aln.fa
A	r8_83seqs	NC@U@142507.1:35280040-35280432	63	6.1	60-137	r7_133seqs,r9_15seqs	7	A20_r8_83seqs_NC_142507.1_35280040_p63_x6.aln.fa
A	r10_r8_P18	NC@U@142515.1:1820084-1820507	80	5.3	158-285	-	7	A21_r10_r8_P18_NC_142515.1_1820084_p80_x5.aln.fa
A	r10_r8_P18	NC@U@142501.1:212233662-212234054	79	5.0	152-303	-	5	A22_r10_r8_P18_NC_142501.1_212233662_p79_x5.aln.fa
A	r10_r8_P18	NC@U@142508.1:78288000-78288332	67	5.0	174-285	-	6	A23_r10_r8_P18_NC_142508.1_78288000_p67_x5.aln.fa
A	r10_19seqs	NC@U@142515.1:94394654-94396031	298	4.8	2-64	r10_r8_P18,r1_9seqs,r1_r2_r3_r3_C11,r1_r3_P1,r1_r3_P2,r2_3seqs,r3_58seqs,r4_32seqs,r5_27seqs,r5_r3_P34,r5_r5_P48,r5_r6_P26,r6_210seqs,r7_133seqs,r8_83seqs,r9_15seqs	5	A24_r10_19seqs_NC_142515.1_94394654_p298_x4.aln.fa
A	r10_r8_P18	NC@U@142501.1:84404841-84405266	88	4.8	120-208	-	6	A25_r10_r8_P18_NC_142501.1_84404841_p88_x4.aln.fa
A	r10_r8_P18	NC@U@142510.1:18336368-18336664	65	4.6	135-249	-	7	A26_r10_r8_P18_NC_142510.1_18336368_p65_x4.aln.fa
A	r2_3seqs	NC@U@142514.1:151995852-151996472	136	4.6	1-134	r10_19seqs,r10_r8_P18,r1_9seqs,r1_r2_r3_r3_C11,r1_r3_P1,r1_r3_P2,r3_58seqs,r4_32seqs,r5_27seqs,r5_r3_P34,r5_r5_P48,r5_r6_P26,r6_210seqs,r7_133seqs,r8_83seqs,r9_15seqs	4	A27_r2_3seqs_NC_142514.1_151995852_p136_x4.aln.fa
A	r2_3seqs	NC@U@142518.1:68085846-68086457	139	4.6	1-138	r10_19seqs,r10_r8_P18,r1_9seqs,r1_r2_r3_r3_C11,r1_r3_P1,r1_r3_P2,r3_58seqs,r4_32seqs,r5_27seqs,r5_r3_P34,r5_r5_P48,r5_r6_P26,r6_210seqs,r7_133seqs,r8_83seqs,r9_15seqs	4	A28_r2_3seqs_NC_142518.1_68085846_p139_x4.aln.fa
A	r10_r8_P18	NC@U@142503.1:96294407-96294800	89	4.4	116-263	-	7	A29_r10_r8_P18_NC_142503.1_96294407_p89_x4.aln.fa
A	r2_3seqs	NC@U@142517.1:112941951-112942542	143	4.2	1-146	r10_19seqs,r10_r8_P18,r1_9seqs,r1_r2_r3_r3_C11,r1_r3_P1,r1_r3_P2,r3_58seqs,r4_32seqs,r5_27seqs,r5_r3_P34,r5_r5_P48,r5_r6_P26,r6_210seqs,r7_133seqs,r8_83seqs,r9_15seqs	5	A30_r2_3seqs_NC_142517.1_112941951_p143_x4.aln.fa
A	r10_r8_P18	NW@U@028290710.1:1369495-1369735	59	4.1	128-230	-	4	A31_r10_r8_P18_NW_028290710.1_1369495_p59_x4.aln.fa
A	r3_58seqs	NC@U@142512.1:40852951-40853191	59	4.1	36-98	r10_19seqs,r10_r8_P18,r1_9seqs,r1_r2_r3_r3_C11,r1_r3_P1,r1_r3_P2,r2_3seqs,r4_32seqs,r5_27seqs,r5_r3_P34,r5_r5_P48,r5_r6_P26,r6_210seqs,r7_133seqs,r8_83seqs,r9_15seqs	4	A32_r3_58seqs_NC_142512.1_40852951_p59_x4.aln.fa
A	r3_58seqs	NC@U@142513.1:63102246-63102698	115	4.1	86-174	-	4	A33_r3_58seqs_NC_142513.1_63102246_p115_x4.aln.fa
A	r10_r8_P18	NC@U@142516.1:1448584-1448848	66	4.0	113-225	-	4	A34_r10_r8_P18_NC_142516.1_1448584_p66_x4.aln.fa
B	MEG-RS	NC@U@142506.1:41063007-41619026	2152	307	-	-	20	B_MEG-RS_NC_142506.1_41063007_u2152_x307.aln.fa
B	MEG-RS	NC@U@142510.1:18782934-19292046	2170	247	-	-	20	B_MEG-RS_NC_142510.1_18782934_u2170_x247.aln.fa
B	MEG-RS	NC@U@142512.1:838592-1258042	2168	201	-	-	20	B_MEG-RS_NC_142512.1_838592_u2168_x201.aln.fa
B	MEG-RS	NC@U@142509.1:673287-963647	2168	134	-	-	20	B_MEG-RS_NC_142509.1_673287_u2168_x134.aln.fa
B	MEG-RS	NW@U@028290710.1:952035-1170335	2170	107	-	-	20	B_MEG-RS_NW_028290710.1_952035_u2170_x107.aln.fa
B	MEG-RS	NC@U@142507.1:30403215-30562186	1936	75	-	-	20	B_MEG-RS_NC_142507.1_30403215_u1936_x75.aln.fa
B	MEG-RS	NC@U@142508.1:30363836-30773427	5768	72	-	-	20	B_MEG-RS_NC_142508.1_30363836_u5768_x72.aln.fa
X	r5_27seqs	NC@U@142501.1:7831292-7839846	2542	5	-	-	5	X_r5_27seqs_NC_142501.1_7831292_x5.aln.fa
X	r5_27seqs	NC@U@142501.1:10452296-10467146	3758	5	-	-	5	X_r5_27seqs_NC_142501.1_10452296_x5.aln.fa
