P1	piecewise	r7_133seqs	r1_r2_r3_r3_C11	537	-
P9	piecewise	r1_r3_P1	r1_r2_r3_r3_C11	372	-
P5	piecewise	r7_133seqs	r1_r3_P1	341	-
P10	piecewise	r10_19seqs	r5_r5_P48	96	-
P12	composite	r1_r3_P1	r6_210seqs	95	-
P11	piecewise	r1_r3_P2	r1_r2_r3_r3_C11	87	-
P13	composite	r5_r5_P48	r7_133seqs	86	-
P7	composite	r5_r6_P26	r6_210seqs	83	-
P15	composite	r5_r5_P48	r8_83seqs	81	-
P14	piecewise	r7_133seqs	r5_r3_P34	77	-
P2	piecewise	r7_133seqs	r1_r2_r3_r3_C11	72	-
P18	composite	r1_r2_r3_r3_C11	r5_r6_P26	70	-
P17	piecewise	r7_133seqs	r3_58seqs	68	-
P4	piecewise	r1_r2_r3_r3_C11	r1_r3_P1	63	-
P16	composite	r1_r3_P1	r7_133seqs	61	-
P8	piecewise	r5_r6_P26	r5_r3_P34	59	-
P6	piecewise	r9_15seqs	r8_83seqs	56	-
P3	composite	r1_r2_r3_r3_C11	r1_r3_P1	51	-
