element	bank_name	type	copies	pct_full	verdict	cons_len	part1	part1_start	part1_end	gap	part2	part2_start	part2_end	open_ends	open5_unit	open3_unit	parts
r1_9seqs__r3_58seqs_P1	r1_r3_P1	composite	9158	87.1	accept	431	r1	1	154	39	r3	1	201	-	-	-	r1:1-154;gap:39;r3:1-201
r3_58seqs__r3_58seqs_P9	r3_r3_P9	piecewise	4300	1.7	check	287	r3	1	161	0	r3	114	201	5	r1	-	r3:1-161;r3:114-201
r5_27seqs__r6_210seqs_P26	r5_r6_P26	composite	3518	87.3	accept	376	r5	1	127	10	r6	1	225	-	-	-	r5:1-127;gap:10;r6:1-225
r1_9seqs__r3_58seqs_P2	r1_r3_P2	piecewise	3427	85.5	accept	289	r1	1	79	0	r3	29	201	-	-	-	r1:1-79;r3:29-201
r1_9seqs__r3_58seqs_P21	r1_r3_P21	piecewise	1454	60.3	check	238	r1	1	155	0	r3	102	201	3	-	r3	r1:1-155;r3:102-201
r5_27seqs__r3_58seqs_P34	r5_r3_P34	composite	679	83.6	accept	367	r5	1	139	2	r3	1	201	-	-	-	r5:1-139;gap:2;r3:1-201
r3_58seqs__r3_58seqs_P10	r3_r3_P10	piecewise	677	0.7	check	320	r3	1	177	0	r3	130	201	5	r1	-	r3:1-177;r3:130-201
r7_133seqs__r3_58seqs_P20	r7_r3_P20	piecewise	329	0.0	check	204	r7	1	154	0	r3	146	201	-	-	-	r7:1-154;r3:146-201
r10_19seqs__r6_210seqs_P41	r10_r6_P41	piecewise	101	9.9	check	198	r10	1	146	0	r6	150	225	3	-	r8	r10:1-146;r6:150-225
r10_19seqs__r8_83seqs_P18	r10_r8_P18	piecewise	90	96.6	accept	412	r10	1	144	171	r8	63	181	-	-	-	r10:1-144;gap:171;r8:63-181
r9_15seqs__r8_83seqs_P33	r9_r8_P33	piecewise	55	0.0	check	165	r9	1	98	0	r8	117	181	-	-	-	r9:1-98;r8:117-181
chain_C2	r1_r2_r3_C2	chain	52	15.0	check	367	r1	1	154	0	r2	106	146	-	-	-	r1:1-154;r2:106-146;gap:1;r3:3-177
chain_C5	r1_r2_r3_r3_C5	chain	53	84.6	accept	589	r1	1	154	31	r2	1	146	-	-	-	r1:1-154;gap:31;r2:1-146;r3:3-176;r3:130-201
