plate	subfamily	orig_len	add5_bp	add5_ungapped	add5_support	add5_null	add3_bp	add3_ungapped	add3_support	add3_null	trim5_bp	trim5_support	trim3_bp	trim3_support	copies	rebuilt_vs_orig
cth_MEG-RL_rand100.aln.fa	MEG-RL	207	8	0.25	0.25	0.38	0				0		23	0.33	21	0.88
cth_MEG-RL_top100.aln.fa	MEG-RL	207	8	0.25	0.25	0.38	0				0		23	0.33	21	0.88
cth_MEG-RS_rand100.aln.fa	MEG-RS	135	32	1.00	1.00	0.50	47	1.00	1.00	0.55	0		0		100	0.90
cth_MEG-RS_top100.aln.fa	MEG-RS	135	0				0				0		2	0.00	100	0.92
cth_MEG-T2_rand100.aln.fa	MEG-T2	232	0				5	0.40	0.60	0.60	0		5		68	0.61
cth_MEG-T2_top100.aln.fa	MEG-T2	232	0				6	0.42	0.50	0.50	7	0.29	0		68	0.55
cth_MEG-TR_rand100.aln.fa	MEG-TR	196	9	0.33	0.44	0.44	18	0.39	0.44	0.44	0		3	0.33	34	0.58
cth_MEG-TR_top100.aln.fa	MEG-TR	196	1	0.00	0.00	0.00	0				0		1	0.00	34	0.57
cth_Rhin-1_rand100.aln.fa	Rhin-1	182	8	0.38	0.38	0.38	114	0.57	0.78	0.49	0		0		100	0.62
cth_Rhin-1_top100.aln.fa	Rhin-1	182	5	0.40	0.40	0.40	5	0.60	0.60	0.60	0		0		100	0.66
cth_VES_rand100.aln.fa	VES	220	6	0.33	0.33	0.33	6	0.67	0.67	0.67	0		0		100	0.59
cth_VES_subfam.aln.fa	VES	220	0				4	0.75	0.75	0.50	4		0		200	0.61
cth_VES_top100.aln.fa	VES	215	13	0.62	0.62	0.46	10	0.60	0.60	0.60	0		0		100	0.61
