S	4	142	107	75.4
S	5	142	107	75.4
S	6	142	64	45.1
S	7	142	30	21.1
S	8	142	16	11.3
S	9	142	13	9.2
S	10	142	13	9.2
S	11	142	6	4.2
S	12	142	2	1.4
S	13	142	0	0.0
S	14	142	0	0.0
S	chosen_min_len	11
B	4	200	139	69.5
B	5	200	139	69.5
B	6	200	85	42.5
B	7	200	57	28.5
B	8	200	44	22.0
B	9	200	42	21.0
B	10	200	42	21.0
B	11	200	36	18.0
B	12	200	24	12.0
B	13	200	18	9.0
B	14	200	14	7.0
B	chosen_min_len	14
A	4	200	146	73.0
A	5	200	146	73.0
A	6	200	81	40.5
A	7	200	43	21.5
A	8	200	25	12.5
A	9	200	19	9.5
A	10	200	19	9.5
A	11	200	11	5.5
A	12	200	8	4.0
A	13	200	2	1.0
A	14	200	2	1.0
A	chosen_min_len	12
