group	wid	full	up_hit	down_hit	tsd_len	tsd	slack3	off5	off3
A	w256	1	-	-	0	-	-	1	10
S	w348	1	-	r2_3seqs	0	-	-	4	0
B	w380	1	-	r3_58seqs	18	TTTAAAAAAGTTTCTTCT	35	5	240
A	w507	1	-	-	0	-	-	1	20
B	w592	1	-	r3_58seqs	0	-	-	6	222
A	w605	1	-	-	0	-	-	1	0
A	w858	1	-	-	20	TTACAATAAAAAAATAATAG	44	1	0
A	w1001	1	-	-	0	-	-	1	0
A	w1257	1	-	-	0	-	-	2	13
S	w1260	1	-	r2_3seqs	0	-	-	3	0
B	w1264	1	-	r3_58seqs	20	TAATAAAAGTTAAATAATTT	39	5	288
A	w1321	1	-	-	0	-	-	1	0
S	w1392	1	-	-	0	-	-	3	0
B	w1417	1	-	r3_58seqs	20	AATTAAAATTTAATCATATA	34	5	240
S	w1459	1	-	-	0	-	-	3	0
A	w1573	1	-	-	20	CATCTATAAAATGGTAATAA	9	1	5
B	w1888	1	-	r3_58seqs	0	-	-	5	289
B	w2046	1	-	r2_3seqs	0	-	-	6	374
B	w2471	1	-	r3_58seqs	16	ATTAAGAAGGGAACTC	27	5	287
A	w2475	0	-	-	0	-	-	12	0
B	w2666	1	-	r2_3seqs	0	-	-	5	301
A	w2860	1	-	-	13	AAAAAGATTTCCT	0	1	0
S	w2983	0	-	-	0	-	-	3	0
B	w3059	1	-	r3_58seqs	20	ATAAAAAGAATGAAATCTTG	37	5	279
B	w3172	1	-	r3_58seqs	0	-	-	6	280
B	w3193	1	-	r3_58seqs	20	GATGATAAAGACACTGGTAT	33	6	261
A	w3383	1	-	-	0	-	-	1	20
B	w3533	1	-	r2_3seqs	0	-	-	5	376
B	w3597	1	-	r2_3seqs	0	-	-	5	376
S	w3906	0	-	-	0	-	-	3	4
S	w3918	0	-	-	0	-	-	3	3
B	w3944	1	-	r2_3seqs	0	-	-	6	290
B	w4054	1	-	r3_58seqs	20	GATTCAAAAAGTACTATCTC	39	6	284
A	w4159	1	-	-	14	ATGCAGGACTTCCA	0	1	0
A	w4257	1	-	-	0	-	-	1	0
B	w4531	1	-	r3_58seqs	0	-	-	6	240
A	w4549	1	-	-	0	-	-	6	9
A	w4567	1	-	-	0	-	-	1	8
S	w4568	0	-	-	0	-	-	3	0
A	w4648	1	-	-	16	AAGAAACCCACAAATG	25	2	8
B	w4912	1	-	r3_58seqs	0	-	-	6	292
B	w4927	1	-	r3_58seqs	0	-	-	5	288
S	w4948	1	-	-	0	-	-	3	0
A	w5060	1	-	-	0	-	-	1	5
A	w5162	1	-	-	0	-	-	1	0
S	w5315	0	-	-	20	CTAATCAAAATGAGACATCC	26	3	0
B	w5375	1	-	r3_58seqs	0	-	-	5	246
B	w5582	1	-	r3_58seqs	0	-	-	0	239
S	w5683	0	-	-	11	AATAAGGAACT	17	4	0
B	w5718	1	-	r3_58seqs	16	ATAAAAAAACACTACC	42	6	247
S	w5833	0	-	-	0	-	-	3	0
S	w5922	0	-	-	0	-	-	3	0
B	w6253	1	-	r3_58seqs	0	-	-	5	242
B	w6462	1	-	r3_58seqs	20	ATTATCAAAAGACAGTATCT	39	5	272
A	w6471	1	-	-	16	CAAAAGAAGTCTGTGC	20	1	0
B	w6541	1	-	r3_58seqs	16	AAATTCAGCAATACAG	35	6	289
S	w6765	0	-	-	0	-	-	3	0
B	w6921	1	-	r2_3seqs	0	-	-	5	397
B	w7077	1	-	r3_58seqs	0	-	-	5	288
A	w7148	1	-	-	0	-	-	3	2
S	w7230	1	-	-	0	-	-	3	0
S	w7263	0	-	-	12	ACAAGAAAACTA	44	3	0
B	w7388	1	-	r3_58seqs	0	-	-	5	248
S	w7487	1	-	r7_133seqs	0	-	-	3	0
S	w7552	0	-	-	0	-	-	3	27
B	w7860	1	-	r3_58seqs	20	TTCAAAAGATAAGCAATTTA	45	5	246
S	w7913	1	-	-	0	-	-	4	0
A	w7949	1	-	-	16	TAAACATCAACAGTAA	35	1	0
S	w8016	0	-	-	0	-	-	3	0
A	w8086	1	-	-	0	-	-	1	0
A	w8131	1	-	-	0	-	-	1	10
A	w8310	1	-	-	0	-	-	1	16
B	w8348	1	-	r3_58seqs	15	AACATCAAAGCTAAT	37	6	277
B	w8367	1	-	r3_58seqs	15	TTTAAAAATTATCCA	28	5	301
A	w8542	1	-	-	15	AGGTTACAAAAATGA	0	1	10
B	w8729	1	-	r3_58seqs	0	-	-	5	244
B	w8732	1	-	r3_58seqs	0	-	-	6	244
B	w8782	1	-	r2_3seqs	0	-	-	5	383
B	w9063	1	-	r3_58seqs	18	ATATATAAAAAGTAACTC	35	9	218
S	w9084	0	-	-	20	GTATAAAAATCTGATGACAG	30	3	0
B	w9105	1	-	r2_3seqs	0	-	-	5	400
A	w9536	1	-	-	16	TAGAAATGTCTTTCTG	36	1	0
B	w9565	1	-	r3_58seqs	0	-	-	5	400
A	w9639	1	-	-	15	TTTAAAATGAGCCCA	19	1	0
A	w10087	1	-	-	17	ATTAAAAATGTAATCTA	7	1	0
B	w10092	1	r8_83seqs	r3_58seqs	15	TTTAAAATACATTGA	21	5	287
B	w10330	1	r3_58seqs	r3_58seqs	0	-	-	5	243
S	w10402	0	-	-	0	-	-	3	16
A	w10418	1	-	-	0	-	-	1	0
B	w10424	1	r7_133seqs	r3_58seqs	20	AATAAAAGTTATAAAAAAAA	21	5	278
B	w10504	1	-	r3_58seqs	20	AATAATCAAAATATCAAAAT	33	5	289
B	w10512	1	-	r3_58seqs	15	AAATATAGTGATCTT	44	5	235
A	w10564	1	-	-	0	-	-	1	7
B	w10620	1	-	r3_58seqs	20	AAAGTCAAAAGAACATTGAA	41	6	240
B	w10728	1	-	r2_3seqs	0	-	-	5	392
B	w10779	1	-	r3_58seqs	0	-	-	5	281
A	w10939	1	-	-	14	AAAAGTAAAAAGGG	0	1	0
A	w11091	1	-	-	0	-	-	1	2
A	w11170	1	-	-	15	AAGAATCATTATTCT	24	1	5
B	w11173	1	-	r2_3seqs	0	-	-	5	298
S	w11187	0	-	-	0	-	-	3	0
A	w11384	1	-	-	0	-	-	1	0
A	w11452	1	-	-	0	-	-	1	12
B	w11679	1	-	r3_58seqs	0	-	-	5	279
A	w11737	1	-	-	15	TTAAAGAATGAGTGG	10	1	0
A	w11748	1	-	-	0	-	-	1	0
S	w11873	1	-	-	0	-	-	4	0
S	w11892	1	-	r4_32seqs	0	-	-	3	0
B	w11992	1	-	r2_3seqs	0	-	-	5	379
S	w12016	0	-	-	0	-	-	3	0
B	w12152	1	-	r2_3seqs	0	-	-	5	394
A	w12176	1	-	-	14	TAAATGCAAGGATC	0	2	0
B	w12330	1	-	r3_58seqs	0	-	-	10	239
A	w12595	1	-	-	12	ATATAATGCTCG	0	1	0
A	w12628	1	-	-	0	-	-	1	3
A	w12746	1	-	-	0	-	-	1	26
B	w12998	1	-	r3_58seqs	17	TCAAGAAGGATCTCACA	43	5	240
B	w13014	1	-	r3_58seqs	17	TTAAAATACAAAAGGCA	41	5	274
A	w13169	1	-	-	14	AAATCTCATGTTGT	0	1	0
B	w13204	1	-	r2_3seqs	0	-	-	5	250
S	w13305	1	-	-	0	-	-	4	0
A	w13588	1	-	-	0	-	-	1	2
A	w13941	1	-	-	0	-	-	1	3
B	w14023	1	-	r3_58seqs	0	-	-	6	269
A	w14096	1	-	-	0	-	-	2	0
S	w14221	1	-	r3_58seqs	0	-	-	3	0
S	w14295	0	-	-	11	AAATAAACAGG	44	3	22
B	w14499	1	-	r2_3seqs	0	-	-	5	242
A	w14519	1	-	-	0	-	-	2	2
A	w14920	1	-	-	0	-	-	1	10
A	w14973	1	-	-	12	AAAAAAATAATG	14	1	0
B	w15327	1	-	r3_58seqs	20	TATTTAAAAATACTCAATCT	23	5	236
B	w15330	1	-	r3_58seqs	20	CTCAAAAAATATCCATAAGC	37	5	201
B	w15345	1	-	r3_58seqs	16	ATTAAAAATTAAATGT	22	5	241
S	w15456	0	-	-	0	-	-	3	0
B	w15555	1	-	r3_58seqs	20	CTGTTATTAAAAAAAAAAAT	6	5	287
S	w15620	1	-	MEG-RS	0	-	-	3	0
A	w15637	1	-	-	0	-	-	1	6
A	w15725	1	-	-	0	-	-	2	0
S	w15904	1	-	-	0	-	-	3	0
B	w15947	1	-	r2_3seqs	0	-	-	5	400
B	w16365	1	-	r3_58seqs	0	-	-	5	237
A	w16463	1	-	-	0	-	-	11	5
B	w16470	1	-	r3_58seqs	20	AAAAATAAAAAAAGTAGATA	33	5	232
S	w16538	1	-	r2_3seqs	0	-	-	3	0
A	w16550	1	-	-	0	-	-	1	1
A	w16807	1	-	-	16	CAAGTAATGAAATGAG	32	4	14
B	w17071	1	-	r3_58seqs	18	TCAAGAATATATAGTATT	39	6	267
A	w17231	1	-	-	12	AAAGCAGAGTGG	39	1	18
B	w17430	1	-	r3_58seqs	20	TAAAAAAAAAGCATATGTAG	31	5	286
S	w17508	0	-	r6_210seqs	0	-	-	3	0
A	w17526	1	-	-	0	-	-	2	0
B	w17675	1	-	r3_58seqs	0	-	-	5	240
A	w17715	1	-	-	12	ATAGCATTTATA	32	7	0
A	w17790	1	-	-	0	-	-	5	17
A	w17849	1	-	-	0	-	-	1	12
S	w18087	1	-	-	0	-	-	4	0
S	w18277	1	-	r2_3seqs	0	-	-	3	0
A	w18285	1	-	-	0	-	-	1	2
B	w18323	1	-	r2_3seqs	0	-	-	5	400
S	w18576	1	-	r2_3seqs	0	-	-	3	0
A	w18606	1	-	-	0	-	-	1	2
A	w18754	1	-	-	0	-	-	1	0
S	w18760	1	-	-	0	-	-	4	0
S	w18839	1	-	r2_3seqs	0	-	-	4	0
A	w19111	1	-	-	0	-	-	1	14
B	w19238	1	-	r3_58seqs	15	ATTAAAAGCCCTTCA	39	5	231
S	w19253	0	-	-	0	-	-	4	0
B	w19293	1	-	r2_3seqs	0	-	-	5	374
A	w19846	1	-	-	0	-	-	1	7
B	w19900	1	-	r6_210seqs	0	-	-	5	291
B	w19926	1	-	r3_58seqs	0	-	-	5	235
B	w20012	1	-	r3_58seqs	16	AAAAAGAAATCTAAAG	40	5	283
A	w20356	1	-	-	0	-	-	1	3
B	w20377	1	-	r2_3seqs	0	-	-	5	399
A	w20447	1	-	-	0	-	-	1	0
S	w20722	0	-	-	0	-	-	3	0
B	w20790	1	-	r3_58seqs	0	-	-	5	256
B	w20823	1	-	r6_210seqs	20	AAATGTCAAAAGTAGGATAA	35	5	266
A	w20849	1	-	-	0	-	-	1	0
S	w20962	0	-	-	0	-	-	4	0
B	w21146	1	-	r3_58seqs	20	CATTTAAAAAAAATCTTCAG	37	5	208
B	w21301	1	-	r3_58seqs	0	-	-	6	353
B	w21380	1	-	r3_58seqs	0	-	-	5	307
A	w21476	1	-	-	12	ATATTTGTTTTT	22	1	8
S	w22029	0	-	-	0	-	-	4	0
A	w22275	1	-	-	16	ATGCTTTAAAAACAAA	41	1	0
A	w22359	1	-	-	15	ATCAACAAAGTCAAG	4	1	0
B	w22399	1	-	r3_58seqs	0	-	-	5	395
S	w22446	1	-	-	0	-	-	4	0
S	w22467	1	-	-	0	-	-	4	0
S	w22630	0	-	-	0	-	-	3	0
B	w22639	1	-	r3_58seqs	20	AAATATAAAAAAACTCTTAC	38	6	282
A	w22729	1	-	-	12	GGAAGGGACTTG	0	1	0
B	w22735	1	r1_9seqs	r3_58seqs	0	-	-	5	314
A	w22996	1	-	-	0	-	-	1	9
A	w23166	1	-	-	17	TTTTAAATAATTCTGGC	17	1	0
S	w23281	0	-	r8_83seqs	0	-	-	3	0
A	w23645	1	-	-	17	TTAAAAATGTCTTTCTG	22	1	0
S	w23746	1	-	-	0	-	-	3	0
S	w23907	1	-	-	0	-	-	3	0
S	w24005	1	-	r3_58seqs	11	GGGGGGCTGGG	29	3	0
S	w24122	1	r7_133seqs	-	0	-	-	4	0
S	w24141	1	-	-	0	-	-	3	0
A	w24241	1	-	-	0	-	-	1	8
B	w24262	1	-	r3_58seqs	0	-	-	6	282
A	w24335	1	-	-	0	-	-	1	0
A	w24688	1	-	-	0	-	-	3	13
A	w24792	1	-	-	16	GTTAAATTTTATGTAT	38	1	0
B	w24819	1	-	r3_58seqs	20	AATAAGAATGTACTGAATGG	34	6	195
A	w24824	1	-	-	0	-	-	1	1
B	w24843	1	-	r3_58seqs	0	-	-	5	195
S	w24948	1	-	r3_58seqs	0	-	-	3	0
A	w25094	1	-	-	20	TTTAAGAAATAAAACATTGC	22	1	0
S	w25113	0	-	-	10	GCAAGATGCA	45	3	0
A	w25203	1	-	-	0	-	-	1	10
S	w25257	1	-	r3_58seqs	0	-	-	4	0
A	w25356	1	-	-	16	CAAAAGCTAGCCTGTG	0	1	0
S	w25426	1	-	-	11	AAAGACTTCTC	43	3	0
A	w25611	1	-	-	0	-	-	1	5
S	w25659	0	-	-	20	AATTCTAAAAGAATAGCTCT	19	3	8
B	w25711	1	-	r3_58seqs	15	TAAAAAAAGCAGAAA	30	5	241
A	w25746	1	-	-	13	AAGATGCCTTTCA	0	1	0
B	w25945	1	-	r3_58seqs	0	-	-	5	300
S	w26181	1	-	r2_3seqs	0	-	-	11	0
S	w26206	1	-	r2_3seqs	0	-	-	3	0
S	w26207	1	-	r2_3seqs	0	-	-	4	0
B	w26248	1	-	r3_58seqs	20	ATTTTAAAAATCATAGAACT	34	5	240
A	w26327	1	-	-	13	AAGATGTTTTCAA	23	1	4
S	w26353	1	-	-	0	-	-	4	0
A	w26594	1	-	-	13	AAAGTACAAAGGG	34	1	10
S	w26612	0	-	-	0	-	-	3	0
S	w26786	1	-	-	0	-	-	3	0
B	w26813	1	-	r3_58seqs	0	-	-	5	291
A	w26932	1	-	r1_9seqs	0	-	-	1	3
A	w26958	1	-	-	0	-	-	1	31
B	w27141	1	-	r3_58seqs	0	-	-	5	282
A	w27331	1	-	-	0	-	-	1	0
B	w27358	1	-	r3_58seqs	20	GTTTAAGAATTAGTCAGTGA	40	5	230
S	w27561	0	-	-	0	-	-	4	0
B	w28058	1	-	r2_3seqs	15	TTAAGATTTTCTCTT	44	6	341
B	w28066	1	-	r3_58seqs	17	TCAAAATAATAAACATA	32	6	236
B	w28175	1	-	r3_58seqs	20	CAGCAAAAGTTACTGGAGGA	35	5	265
S	w28205	1	-	r2_3seqs	0	-	-	3	0
B	w28433	1	-	r3_58seqs	0	-	-	5	199
S	w28522	1	-	r3_58seqs	0	-	-	3	0
B	w28660	1	-	r3_58seqs	0	-	-	5	211
B	w28764	1	-	r2_3seqs	0	-	-	5	274
A	w28919	1	-	-	0	-	-	1	19
A	w29016	1	-	-	0	-	-	1	7
A	w29079	1	-	-	0	-	-	1	4
A	w29105	1	-	-	16	AGATTAGGGACCGTTT	1	1	0
B	w29288	1	-	r3_58seqs	20	CAATCAAAAGACATAGGGTG	34	5	289
B	w29539	1	-	r3_58seqs	0	-	-	5	293
A	w29583	1	-	-	0	-	-	1	0
B	w29603	1	-	r2_3seqs	0	-	-	5	300
S	w29730	1	-	r2_3seqs	0	-	-	3	0
B	w30000	1	-	r3_58seqs	16	ATTAATATTTGCTCTA	38	5	254
S	w30172	1	-	-	0	-	-	3	0
A	w30294	1	-	-	0	-	-	1	0
B	w30439	1	-	r3_58seqs	0	-	-	5	288
A	w30568	1	-	-	0	-	-	1	7
A	w30905	1	-	-	0	-	-	1	7
B	w30939	1	-	r2_3seqs	0	-	-	5	400
B	w30972	1	-	r3_58seqs	17	CATTAAAAAAAATTCCA	35	5	241
B	w31181	1	-	r3_58seqs	15	TAAAACTATAAAACA	24	5	227
A	w31261	1	-	-	12	AGAAAAAATAAG	10	1	13
A	w31536	1	-	-	20	CAAAACCTGTCTTCCTGCGG	1	2	0
S	w31616	1	-	-	0	-	-	3	0
S	w31625	1	-	-	0	-	-	3	0
A	w31742	1	-	-	0	-	-	1	14
A	w31843	1	-	-	0	-	-	1	9
B	w31884	1	-	r3_58seqs	20	AAACATTTAAAATGCTGAGG	38	5	240
S	w32104	0	-	-	0	-	-	4	0
B	w32208	1	-	r3_58seqs	0	-	-	5	231
A	w32331	1	-	-	20	TCCATTTAAAGAGTCCAGGT	33	1	0
A	w32798	1	-	-	0	-	-	1	1
A	w33212	1	-	-	17	TTTTAGAAGTGAGAAAC	5	1	3
A	w33435	1	-	-	0	-	-	1	5
B	w33458	1	-	r3_58seqs	15	AAAGAAATAAACATA	38	5	229
B	w33562	1	-	r3_58seqs	18	TTAAAAATTGAAAAAAGT	37	5	290
S	w33578	0	-	-	0	-	-	4	0
A	w33611	1	-	-	0	-	-	1	2
A	w33675	1	-	-	0	-	-	1	0
S	w33792	1	-	-	0	-	-	4	0
B	w34177	1	-	r3_58seqs	20	AAAAATACAAAACATTGCTG	36	5	192
B	w34209	1	r9_15seqs	r3_58seqs	0	-	-	5	284
A	w34464	1	-	-	12	CACAGATAAATT	0	1	0
B	w34656	1	-	r3_58seqs	18	TCAAAAACATGGATTTGT	40	5	290
B	w34751	1	-	r2_3seqs	0	-	-	5	400
B	w34835	1	-	r3_58seqs	18	CTAAATTTCTCATATTTG	38	6	243
B	w34898	1	-	r3_58seqs	17	AATTAAAAAATTAAAAT	35	5	238
B	w34989	1	-	r3_58seqs	15	TAAAAATAAGGACAT	19	5	270
A	w35078	1	-	-	17	AAGATAATTATAGTCAG	0	1	0
B	w35142	1	-	r3_58seqs	0	-	-	5	287
A	w35669	1	-	-	0	-	-	1	2
A	w35734	1	-	-	0	-	-	1	10
B	w35950	1	r9_15seqs	r3_58seqs	0	-	-	5	334
A	w36262	0	-	-	0	-	-	17	0
B	w36361	1	-	r3_58seqs	0	-	-	5	168
B	w36407	1	-	r3_58seqs	0	-	-	6	255
A	w36557	1	-	-	15	AAAAATAGGATTAAT	18	1	0
B	w36589	1	-	r3_58seqs	0	-	-	6	248
B	w36608	1	-	r2_3seqs	0	-	-	6	340
A	w36999	1	-	-	13	TTCTGATGGGGAT	1	3	0
A	w37199	1	-	-	20	AATGATAACAACCCAGCCAC	19	1	0
A	w37206	1	-	-	0	-	-	1	10
S	w37736	0	-	-	0	-	-	3	0
B	w37790	1	-	r3_58seqs	20	CAAAAATATTCATCACGGCA	39	6	290
B	w37829	1	-	r3_58seqs	0	-	-	5	306
S	w38028	0	-	-	0	-	-	4	0
B	w38079	1	-	r3_58seqs	0	-	-	5	229
A	w38129	1	-	-	0	-	-	1	4
B	w38367	1	-	r3_58seqs	0	-	-	5	231
A	w38449	0	-	-	0	-	-	1	37
A	w38488	1	-	-	0	-	-	3	0
A	w38730	1	-	-	12	TATCTATAATTA	16	1	0
B	w38772	1	-	r2_3seqs	0	-	-	5	372
B	w39045	1	-	r2_3seqs	0	-	-	6	397
S	w39067	1	-	-	0	-	-	3	0
A	w39236	1	-	-	0	-	-	1	2
S	w39540	0	-	-	18	ATTAAAAGACCTGGAGGG	39	3	0
A	w39605	1	-	-	20	TAAGAATAAAACCAGGCTGC	8	1	0
A	w39617	1	-	-	12	AAGGAATGCTGC	22	1	10
S	w39686	0	-	-	0	-	-	9	0
B	w39715	1	-	r3_58seqs	0	-	-	6	241
B	w39790	1	-	r2_3seqs	0	-	-	5	328
S	w39954	0	-	-	0	-	-	4	0
S	w40035	0	-	-	0	-	-	4	0
B	w40072	1	-	r3_58seqs	18	ATGAAAAAATAAAAATCA	30	5	244
B	w40242	1	-	r3_58seqs	18	TTAAAAAATAGAACTGGG	26	5	288
A	w40372	1	-	-	0	-	-	1	9
S	w40400	0	-	-	20	ACATAAGATACAATAGACAG	23	3	0
B	w40437	1	-	r3_58seqs	17	TTAAGAAATTTCTTATC	40	5	282
A	w40820	1	-	-	0	-	-	1	0
S	w40905	0	-	-	0	-	-	4	0
A	w40996	1	-	-	18	ATAAGATCTGCACTGTCG	1	1	0
S	w41034	1	-	-	0	-	-	3	0
A	w41233	1	-	-	0	-	-	1	8
A	w41526	1	-	-	0	-	-	1	0
S	w41639	1	-	-	0	-	-	3	0
A	w41758	1	-	-	0	-	-	1	3
S	w41947	1	-	r2_3seqs	0	-	-	3	0
B	w41963	1	-	r2_3seqs	0	-	-	6	382
B	w42081	1	-	r3_58seqs	0	-	-	5	223
A	w42279	1	-	-	14	AGCAATAATTTATA	0	1	0
S	w42300	1	-	r6_210seqs	0	-	-	3	0
B	w42379	1	r2_3seqs	r2_3seqs	20	CCATAAAGAACTGTGGACCT	42	6	194
S	w42588	1	-	-	0	-	-	3	0
B	w42773	1	-	r3_58seqs	0	-	-	5	283
B	w42906	1	-	r2_3seqs	0	-	-	5	394
A	w43003	1	-	-	0	-	-	1	20
A	w43051	1	-	-	0	-	-	2	13
A	w43504	1	-	-	0	-	-	1	10
S	w43617	0	-	-	18	ATTAAAGTATTTCAACTA	19	3	0
B	w43817	1	-	r3_58seqs	0	-	-	5	256
B	w43961	1	-	r3_58seqs	0	-	-	5	264
B	w44011	1	-	r2_3seqs	0	-	-	5	380
S	w44130	0	-	-	11	AATAGGAATTG	41	4	16
S	w44328	0	-	-	18	CTAAAATAGACATTCAAG	1	3	0
B	w44542	1	-	r3_58seqs	20	CATTAAAAAGACAATATATC	32	5	190
A	w44602	1	-	-	0	-	-	1	0
S	w44714	0	-	-	0	-	-	3	0
B	w44739	1	-	r3_58seqs	0	-	-	5	284
S	w44800	1	-	r2_3seqs	0	-	-	3	0
A	w45165	1	-	-	0	-	-	1	0
B	w45394	1	-	r3_58seqs	0	-	-	5	227
S	w45490	1	-	-	0	-	-	4	0
S	w45494	1	-	r2_3seqs	0	-	-	3	0
S	w45854	1	-	r2_3seqs	0	-	-	4	0
A	w45987	1	-	-	15	TCAAAAAGCCAGCCA	12	5	0
B	w45997	1	-	r3_58seqs	20	ACAGATAAAAAGTTCATTGT	41	5	288
B	w46073	1	-	r3_58seqs	17	TTCAAAAGGCCATTTCA	40	5	241
B	w46108	1	-	r2_3seqs	0	-	-	5	395
B	w46238	1	-	r2_3seqs	0	-	-	5	383
S	w46428	0	-	-	0	-	-	3	33
A	w46457	1	-	r3_58seqs	0	-	-	1	0
A	w46549	1	-	-	0	-	-	1	0
B	w46605	1	-	r3_58seqs	0	-	-	5	247
A	w46668	1	-	-	0	-	-	1	23
B	w46890	1	-	r3_58seqs	20	ATCTATAAGAAACTTACTTG	16	6	228
A	w46968	1	-	-	0	-	-	1	7
S	w47276	0	-	-	0	-	-	3	0
A	w47395	1	-	-	19	TGTCAAAATGCAGGATTCT	0	1	0
A	w47515	1	-	-	0	-	-	1	0
B	w47571	1	-	r3_58seqs	16	TAAAAAGTCACAATTT	36	5	206
B	w47698	1	-	r3_58seqs	16	TAAAACTATGTGACAT	45	5	242
B	w47703	1	-	r3_58seqs	0	-	-	6	293
A	w47942	1	-	-	0	-	-	1	5
A	w47997	1	-	-	0	-	-	1	0
S	w48138	1	-	r2_3seqs	0	-	-	3	0
A	w48306	1	-	-	16	GTTAAGAAAACATTGT	5	1	0
B	w48405	1	-	r3_58seqs	0	-	-	6	318
S	w49096	1	-	-	0	-	-	3	0
B	w49161	0	-	r2_3seqs	0	-	-	12	399
S	w49195	1	-	r2_3seqs	0	-	-	3	0
S	w49317	1	-	r2_3seqs	0	-	-	3	0
A	w49611	1	-	-	0	-	-	2	0
S	w49631	0	-	r2_3seqs	0	-	-	4	38
A	w49681	1	-	-	0	-	-	1	33
B	w49937	1	-	r3_58seqs	15	TAAAAATAAACAAGA	32	5	232
A	w50291	1	-	-	0	-	-	1	4
S	w50309	1	r4_32seqs	r3_58seqs	0	-	-	3	0
S	w50370	0	-	-	20	GAATCAAAAAGACAGCTAAT	29	3	0
A	w50569	1	-	-	0	-	-	1	20
A	w50672	1	-	-	0	-	-	4	14
A	w50678	0	-	-	0	-	-	12	10
A	w50876	1	-	-	12	ACAAACCTATCA	21	1	0
S	w50910	0	-	-	0	-	-	3	0
B	w51045	1	-	r3_58seqs	0	-	-	5	192
A	w51158	1	-	-	0	-	-	1	0
B	w51361	1	-	r3_58seqs	20	AAGTCAAAAGCACTAGCGCA	45	12	274
S	w51804	0	-	-	0	-	-	0	0
A	w51827	1	-	-	12	TCTACCATTCAT	0	1	1
B	w51871	1	-	r3_58seqs	20	GATAAAAAAATAATGTTTTA	34	6	248
A	w51979	1	-	-	15	CAAGACTGGTTTGTC	15	1	0
A	w52040	1	-	-	0	-	-	1	0
A	w52098	1	-	-	0	-	-	1	48
A	w52129	1	-	-	0	-	-	1	0
S	w52130	1	-	r2_3seqs	0	-	-	4	0
S	w52262	0	-	-	10	AAGTTACAGG	20	3	2
S	w52467	1	-	-	0	-	-	3	0
S	w52765	0	-	-	0	-	-	18	0
B	w52905	1	-	r3_58seqs	0	-	-	5	280
A	w52961	1	r5_27seqs	-	18	GAAAAAAATATTGGATCT	39	1	0
B	w53034	1	-	r3_58seqs	0	-	-	6	247
B	w53283	1	-	r3_58seqs	16	CAAAATCAGGTACAAA	43	6	240
A	w53329	1	-	-	13	CATTATGTGAGGA	0	1	10
B	w53331	1	-	r3_58seqs	20	AACAATAAAAAATTCACTTC	36	5	228
A	w53494	1	-	-	0	-	-	1	14
B	w53509	1	r8_83seqs	r2_3seqs	0	-	-	6	372
S	w53686	0	-	r2_3seqs	0	-	-	3	0
B	w54216	1	-	r2_3seqs	0	-	-	5	376
A	w54793	1	-	-	0	-	-	1	0
S	w54858	0	-	-	0	-	-	16	0
A	w54957	1	-	-	16	TTAAGAAAATAAATAA	24	1	18
B	w55093	1	-	r3_58seqs	0	-	-	5	290
A	w55143	1	-	-	0	-	-	1	5
A	w55147	1	-	-	0	-	-	1	0
A	w55285	1	-	-	0	-	-	1	0
A	w55317	1	-	-	0	-	-	1	0
A	w55370	1	-	-	17	ATAAAAATCTAAATGCA	11	1	20
S	w55419	1	-	-	0	-	-	4	0
S	w55576	1	-	-	12	ATGGAATGGTGG	22	4	0
A	w55578	1	-	-	18	TTCAAAGTATGTAAAATA	7	1	0
A	w55612	1	-	-	12	AATAATCATTAG	0	1	0
B	w55895	1	-	r3_58seqs	0	-	-	5	245
S	w55987	0	-	-	0	-	-	3	0
A	w56200	1	-	-	17	TTTAAGAGCTATTTAGT	4	1	19
S	w56224	0	-	-	11	GAAGCAAAAAC	28	3	19
B	w56255	1	-	r3_58seqs	0	-	-	6	287
B	w56269	1	-	r3_58seqs	0	-	-	5	260
B	w56430	1	-	r3_58seqs	0	-	-	5	231
S	w56444	1	-	r2_3seqs	0	-	-	3	0
S	w56779	0	-	-	0	-	-	3	0
A	w56829	1	-	-	18	TAAGAATGAATATGTCTG	0	1	0
B	w56989	1	-	r3_58seqs	0	-	-	6	306
A	w56995	1	-	-	12	AAAAGCTGAGGG	45	1	22
S	w57025	0	-	-	16	GCAAAAACTCAAAAGG	16	3	3
S	w57227	1	-	r3_58seqs	0	-	-	3	0
B	w57421	1	-	r3_58seqs	20	AATAGCAAAAATCAATGTAG	31	5	312
S	w57542	1	-	-	0	-	-	3	0
A	w57773	1	-	-	0	-	-	1	4
B	w57910	1	-	r3_58seqs	0	-	-	5	285
A	w57975	1	-	-	12	AAAGTAAATAGA	2	1	11
S	w58107	0	-	-	0	-	-	4	0
B	w58530	1	-	r2_3seqs	0	-	-	5	384
B	w58642	1	-	r3_58seqs	0	-	-	6	229
A	w58736	1	-	-	18	TTAAGAAGTATGAGTCTT	23	1	10
A	w58905	1	-	-	20	AAAACAAAAATAAAAGATCT	27	1	23
A	w58908	1	-	-	15	AAAATAATAACTCTT	5	2	0
B	w58982	1	-	r3_58seqs	0	-	-	5	230
B	w59147	1	-	r3_58seqs	0	-	-	5	317
B	w59277	1	-	r2_3seqs	0	-	-	5	398
B	w59319	1	-	r2_3seqs	0	-	-	5	400
A	w59333	1	-	-	15	TTAAAAATAATACCT	2	6	0
B	w59363	1	-	r3_58seqs	0	-	-	6	292
S	w59461	1	-	r4_32seqs	0	-	-	3	0
B	w59469	1	r7_133seqs	r2_3seqs	0	-	-	6	313
A	w59617	1	-	-	0	-	-	1	9
B	w59665	1	-	r2_3seqs	0	-	-	7	400
A	w59677	1	-	-	0	-	-	1	20
B	w59712	1	-	r3_58seqs	20	TAGTTAAAAATCTTTTCTGT	16	5	289
B	w59827	1	-	r3_58seqs	16	ACTGAAAAATAAATAA	28	5	291
A	w59969	1	-	-	0	-	-	1	0
A	w60017	1	-	-	0	-	-	1	0
S	w60026	0	-	r2_3seqs	10	AAAAAAAGCT	37	3	0
S	w60039	1	-	-	0	-	-	3	0
B	w60051	1	r3_58seqs	r2_3seqs	0	-	-	14	283
A	w60361	1	-	-	0	-	-	1	10
A	w60657	1	-	-	0	-	-	1	0
B	w60809	1	-	r3_58seqs	0	-	-	6	267
A	w60811	1	-	-	15	AAACAAGGACATATA	11	1	0
B	w60883	1	-	r3_58seqs	15	AAGAACCAATCATCA	37	6	287
S	w61148	1	-	-	0	-	-	3	0
B	w61157	1	-	r3_58seqs	0	-	-	5	221
B	w61595	1	-	r3_58seqs	0	-	-	5	245
A	w61610	1	-	-	16	TTCAAAACTTGGTATA	42	6	10
S	w61753	0	-	-	0	-	-	4	0
B	w61811	1	-	r3_58seqs	0	-	-	5	272
A	w61880	1	-	-	0	-	-	1	3
S	w62300	1	-	r2_3seqs	0	-	-	3	0
S	w62377	1	-	-	16	AAACAGTTATGTCTTG	18	3	0
S	w62550	1	-	r3_58seqs	0	-	-	3	0
B	w62679	1	-	r2_3seqs	0	-	-	6	264
S	w62686	0	-	r2_3seqs	0	-	-	3	0
A	w62796	1	-	-	0	-	-	1	0
S	w62917	1	-	-	0	-	-	3	0
A	w62992	1	-	-	13	ATAACAACACAAA	6	2	5
S	w63125	1	-	-	0	-	-	3	0
B	w63148	1	-	r2_3seqs	0	-	-	5	375
B	w63302	1	-	r2_3seqs	0	-	-	5	400
S	w63356	1	-	-	0	-	-	3	0
A	w63782	1	-	-	20	AGTAATTAAAAAAATCACTG	2	1	0
A	w63874	1	-	-	0	-	-	1	5
B	w64031	1	-	r2_3seqs	0	-	-	5	380
A	w64054	1	-	-	0	-	-	1	0
S	w64269	1	-	-	0	-	-	3	0
S	w64336	0	-	-	11	ATGAACCCAAA	14	4	3
S	w64492	1	-	r2_3seqs	0	-	-	3	0
A	w64570	1	-	-	20	ATGAAAAAAAAATTAAAAGT	16	1	0
A	w64662	1	-	-	0	-	-	1	1
B	w64680	1	-	r2_3seqs	0	-	-	5	397
A	w64884	1	-	-	20	CATCAAAGGACAGTGATCTC	0	1	0
S	w64974	1	-	r2_3seqs	0	-	-	3	0
S	w65113	1	-	r2_3seqs	0	-	-	4	0
B	w65125	1	-	r3_58seqs	20	GCTCAAAAAAATCTTGTGGA	30	6	287
B	w65160	1	-	r3_58seqs	15	GATTAAGAAGTACAA	44	5	284
B	w65517	1	-	r3_58seqs	20	AAAAGTAAAATAGAATGATA	36	5	280
A	w65798	1	-	-	15	AAAAAAAAAAAAAAA	0	1	5
A	w65856	1	-	r5_27seqs	0	-	-	1	8
B	w65894	1	-	r2_3seqs	0	-	-	5	317
B	w65933	1	-	r3_58seqs	17	AATTAAGAACCAGTTAG	41	5	227
S	w65937	1	-	-	0	-	-	3	0
B	w66542	1	-	r2_3seqs	0	-	-	5	380
B	w66549	1	-	r3_58seqs	0	-	-	5	241
S	w66643	1	-	-	0	-	-	4	0
S	w66743	0	-	-	0	-	-	3	0
A	w66943	1	-	-	0	-	-	1	0
B	w66962	1	-	r3_58seqs	20	AAGCAAGAATATACAAAAAG	37	6	228
A	w67226	1	-	-	0	-	-	1	15
A	w67334	1	-	-	0	-	-	1	14
