subfam	firm_assigned	soft_assigned	total_assigned	leak_n	conf_alt_n	firm_pct	total_pct	leak_pct	conf_alt_pct	sim_mean	sim_median
DIP	1185121	10277	1195398	4475	926205	54.54	55.01	0.38	78.15	0.5919	0.5869
B1	538486	42915	581401	48849	416922	24.78	26.76	9.07	77.42	0.5286	0.5232
B4	90751	74266	165017	1048	57261	4.18	7.59	1.15	63.10	0.3759	0.3680
B1-dID	41134	8305	49439	18412	29867	1.89	2.28	44.76	72.61	0.2991	0.2886
pB1	20643	28675	49318	11350	4566	0.95	2.27	54.98	22.12	0.3471	0.3407
vic-1	16482	524	17006	8922	4335	0.76	0.78	54.13	26.30	0.3278	0.3225
STRIDM	13464	1772	15236	6897	4140	0.62	0.70	51.23	30.75	0.2478	0.2418
Tu-II	5829	484	6313	4391	1095	0.27	0.29	75.33	18.79	0.1376	0.1359
DAS-I	5760	13887	19647	4245	243	0.27	0.90	73.70	4.22	0.3896	0.3812
IDL-Geo	3673	2444	6117	2877	592	0.17	0.28	78.33	16.12	0.1997	0.1991
RSINE1	3288	7466	10754	2066	358	0.15	0.49	62.83	10.89	0.2037	0.2028
B2	1717	10294	12011	888	524	0.08	0.55	51.72	30.52	0.2277	0.2203
CAN	1558	1565	3123	690	84	0.07	0.14	44.29	5.39	0.1235	0.1209
MEN	1294	4528	5822	956	825	0.06	0.27	73.88	63.76	0.1868	0.1786
Mon-1	1227	26	1253	291	75	0.06	0.06	23.72	6.11	0.1251	0.1207
TUB	782	2279	3061	491	80	0.04	0.14	62.79	10.23	0.1873	0.1785
Mar3	709	623	1332	354	10	0.03	0.06	49.93	1.41	0.2095	0.2012
ERI-1	553	5033	5586	324	129	0.03	0.26	58.59	23.33	0.2490	0.2356
MyrSINE	522	14245	14767	385	4	0.02	0.68	73.75	0.77	0.2399	0.2376
TAL	312	22	334	23	2	0.01	0.02	7.37	0.64	0.0683	0.0674
Mar1	307	17	324	143	15	0.01	0.01	46.58	4.89	0.1471	0.1432
CYN-III	246	4	250	25	4	0.01	0.01	10.16	1.63	0.0613	0.0604
WallSI4	224	33	257	119	6	0.01	0.01	53.12	2.68	0.1335	0.1301
SP-D-Geo	210	1157	1367	173	63	0.01	0.06	82.38	30.00	0.1444	0.1416
Tu-I	187	583	770	122	27	0.01	0.04	65.24	14.44	0.1836	0.1843
ERI-2	179	2434	2613	57	4	0.01	0.12	31.84	2.23	0.1263	0.1221
MEG-TR	134	1	135	7	5	0.01	0.01	5.22	3.73	0.1524	0.1214
C	125	61	186	76	12	0.01	0.01	60.80	9.60	0.1125	0.1129
MEG-T2	107	4	111	7	2	0.00	0.01	6.54	1.87	0.0634	0.0622
DAS-IIa	97	207	304	39	12	0.00	0.01	40.21	12.37	0.2364	0.2318
Opo-1	95	20	115	40	6	0.00	0.01	42.11	6.32	0.1535	0.1487
CYN-II	84	0	84	16	1	0.00	0.00	19.05	1.19	0.0977	0.0961
Ped-2	82	237	319	72	17	0.00	0.01	87.80	20.73	0.1806	0.1800
SOR	78	1577	1655	44	13	0.00	0.08	56.41	16.67	0.1936	0.1908
Mac1	61	29	90	25	1	0.00	0.00	40.98	1.64	0.0851	0.0823
Fc-1	57	5	62	8	4	0.00	0.00	14.04	7.02	0.3956	0.3597
CHRS-2	50	0	50	6	0	0.00	0.00	12.00	0.00	0.0543	0.0535
SINE_type_II	44	187	231	32	10	0.00	0.01	72.73	22.73	0.1415	0.1343
SS-1	42	0	42	1	0	0.00	0.00	2.38	0.00	0.1716	0.1688
CYN-I	36	21	57	8	1	0.00	0.00	22.22	2.78	0.3104	0.3064
Rhin-1	36	5	41	3	3	0.00	0.00	8.33	8.33	0.2093	0.2237
DAS-IIb	35	40	75	7	2	0.00	0.00	20.00	5.71	0.0846	0.0838
Bov-tA	31	25	56	4	0	0.00	0.00	12.90	0.00	0.1089	0.1052
VES	31	417	448	14	4	0.00	0.02	45.16	12.90	0.1453	0.1392
SINE_type_III	26	100	126	8	1	0.00	0.01	30.77	3.85	0.2649	0.2577
Bovc-tA2	24	8	32	7	1	0.00	0.00	29.17	4.17	0.0665	0.0654
CHRS-1	17	95	112	1	0	0.00	0.01	5.88	0.00	0.1875	0.1834
Pca-1	11	0	11	3	1	0.00	0.00	27.27	9.09	0.1392	0.1438
DAS-III	10	0	10	4	0	0.00	0.00	40.00	0.00	0.0731	0.0712
AfroSINE	5	4	9	0	0	0.00	0.00	0.00	0.00	0.1302	0.1250
PRE-1	5	1	6	0	0	0.00	0.00	0.00	0.00	0.1053	0.1069
Ped-1	5	2	7	2	0	0.00	0.00	40.00	0.00	0.1255	0.1113
ERE-B1	4	16	20	2	0	0.00	0.00	50.00	0.00	0.1545	0.1514
Tu-III	3	20	23	0	0	0.00	0.00	0.00	0.00	0.1086	0.1121
EC-1	2	2	4	1	0	0.00	0.00	50.00	0.00	0.1179	0.1179
ERE-A	2	1	3	1	0	0.00	0.00	50.00	0.00	0.1121	0.1121
AfroLA	1	0	1	0	0	0.00	0.00	0.00	0.00	0.1462	0.1462
ERE-B2	1	4	5	1	0	0.00	0.00	100.00	0.00	0.0976	0.0976
