S	4	200	170	85.0	92.0	7.0
S	5	200	168	84.0	92.0	8.0
S	6	200	124	62.0	86.5	24.5
S	7	200	90	45.0	83.0	38.0
S	8	200	68	34.0	77.5	43.5
S	9	200	59	29.5	74.5	45.0
S	10	200	59	29.5	74.5	45.0
S	11	200	39	19.5	72.5	53.0
S	12	200	25	12.5	68.5	56.0
S	13	200	15	7.5	61.5	54.0
S	14	200	12	6.0	58.5	52.5
S	chosen_min_len	14
A	4	200	169	84.5	94.0	9.5
A	5	200	169	84.5	94.0	9.5
A	6	200	124	62.0	82.5	20.5
A	7	200	65	32.5	65.5	33.0
A	8	200	39	19.5	55.5	36.0
A	9	200	34	17.0	50.0	33.0
A	10	200	34	17.0	48.5	31.5
A	11	200	16	8.0	43.5	35.5
A	12	200	9	4.5	40.5	36.0
A	13	200	5	2.5	34.5	32.0
A	14	200	4	2.0	29.5	27.5
A	chosen_min_len	12
