old_family	new_main	elements	full	in_peak
r10_19seqs	r10_19seqs__r8_83seqs_P18	4648	3181	319
r10_19seqs	r10_19seqs	433	329	4
r10_19seqs	r8_83seqs__r8_83seqs_P42	91	1	0
r10_19seqs	chain_C11	2	0	0
r10_19seqs	r1_9seqs__r3_58seqs_P1	2	2	0
r10_19seqs	r5_27seqs__r3_58seqs_P34	2	2	0
r10_19seqs	r5_27seqs__r6_210seqs_P26	2	1	0
r10_19seqs	r5_27seqs	1	0	0
r10_19seqs	r8_83seqs	1	0	0
r1_9seqs	r1_9seqs__r3_58seqs_P2	1983	1641	591
r1_9seqs	r1_9seqs__r3_58seqs_P1	908	738	458
r1_9seqs	chain_C5	334	149	126
r1_9seqs	chain_C11	214	141	11
r1_9seqs	r1_9seqs	9	1	0
r1_9seqs	r10_19seqs__r8_83seqs_P18	1	0	0
r1_9seqs	r8_83seqs__r8_83seqs_P42	1	0	0
r2_3seqs	chain_C11	221	138	51
r2_3seqs	r1_9seqs__r3_58seqs_P1	37	11	0
r2_3seqs	r5_27seqs__r3_58seqs_P34	26	12	0
r2_3seqs	chain_C5	6	1	0
r2_3seqs	r5_27seqs__r6_210seqs_P26	3	1	0
r2_3seqs	r2_3seqs	2	1	0
r2_3seqs	r5_27seqs__r5_27seqs_P48	1	1	0
r3_58seqs	r1_9seqs__r3_58seqs_P1	12323	10924	8405
r3_58seqs	r1_9seqs__r3_58seqs_P2	4439	4250	4203
r3_58seqs	chain_C11	2542	1914	292
r3_58seqs	r5_27seqs__r3_58seqs_P34	1492	1112	1165
r3_58seqs	chain_C5	1168	1152	858
r3_58seqs	r3_58seqs	9	2	0
r3_58seqs	r5_27seqs__r6_210seqs_P26	1	0	1
r5_27seqs	r5_27seqs	1809	1727	0
r5_27seqs	r5_27seqs__r6_210seqs_P26	762	658	636
r5_27seqs	r5_27seqs__r5_27seqs_P48	389	153	90
r5_27seqs	r5_27seqs__r3_58seqs_P34	104	68	9
r5_27seqs	chain_C11	53	1	4
r5_27seqs	r1_9seqs__r3_58seqs_P1	7	0	0
r5_27seqs	r8_83seqs__r8_83seqs_P42	6	4	1
r5_27seqs	r6_210seqs	5	1	0
r5_27seqs	chain_C5	1	0	0
r6_210seqs	r6_210seqs	7301	6938	0
r6_210seqs	r5_27seqs__r6_210seqs_P26	4683	4303	4143
r6_210seqs	r8_83seqs__r8_83seqs_P42	241	66	150
r6_210seqs	r5_27seqs__r3_58seqs_P34	199	140	139
r6_210seqs	r5_27seqs__r5_27seqs_P48	131	90	29
r6_210seqs	chain_C11	42	2	2
r6_210seqs	r1_9seqs__r3_58seqs_P1	32	5	0
r6_210seqs	r8_83seqs	19	1	0
r6_210seqs	r1_9seqs__r3_58seqs_P2	15	2	0
r6_210seqs	r5_27seqs	6	6	0
r6_210seqs	chain_C5	3	2	0
r6_210seqs	r10_19seqs	1	1	0
r6_210seqs	r10_19seqs__r8_83seqs_P18	1	1	0
r7_133seqs	r7_133seqs	6674	6528	325
r7_133seqs	r7_133seqs__r3_58seqs_P20	208	0	1
r7_133seqs	chain_C11	23	0	0
r7_133seqs	r8_83seqs__r8_83seqs_P42	12	3	0
r7_133seqs	r5_27seqs__r6_210seqs_P26	9	6	0
r7_133seqs	r1_9seqs__r3_58seqs_P1	7	0	0
r7_133seqs	r10_19seqs__r8_83seqs_P18	4	3	2
r7_133seqs	r5_27seqs__r5_27seqs_P48	4	3	1
r7_133seqs	r9_15seqs__r8_83seqs_P33	3	0	0
r7_133seqs	r1_9seqs__r3_58seqs_P2	2	0	0
r8_83seqs	r8_83seqs	3021	2796	0
r8_83seqs	r8_83seqs__r8_83seqs_P42	706	340	349
r8_83seqs	r5_27seqs__r5_27seqs_P48	50	21	8
r8_83seqs	r1_9seqs__r3_58seqs_P1	19	0	0
r8_83seqs	r5_27seqs__r3_58seqs_P34	15	8	0
r8_83seqs	r10_19seqs	13	6	0
r8_83seqs	r5_27seqs__r6_210seqs_P26	12	7	4
r8_83seqs	chain_C11	11	0	1
r8_83seqs	r6_210seqs	9	3	0
r8_83seqs	r10_19seqs__r8_83seqs_P18	7	1	0
r8_83seqs	r7_133seqs	5	5	0
r8_83seqs	r5_27seqs	3	3	0
r8_83seqs	r7_133seqs__r3_58seqs_P20	1	0	0
r9_15seqs	r9_15seqs__r8_83seqs_P33	6832	18	55
r9_15seqs	r8_83seqs__r8_83seqs_P42	38	1	0
r9_15seqs	chain_C11	23	1	0
r9_15seqs	r7_133seqs__r3_58seqs_P20	21	0	0
r9_15seqs	r1_9seqs__r3_58seqs_P1	5	1	0
r9_15seqs	r5_27seqs__r6_210seqs_P26	3	3	0
r9_15seqs	r10_19seqs__r8_83seqs_P18	1	0	0
r9_15seqs	r7_133seqs	1	1	0
r9_15seqs	r8_83seqs	1	0	0
