family	copies	satellite	nested	piecewise	homodimer	composite	inverted	atail	chance	near	single	nomain
r3_58seqs	22538	0.0%	0.0%	39.6%	1.9%	53.0%	0.0%	0.0%	2.1%	1.0%	2.3%	0.0%
r6_210seqs	13393	0.0%	0.0%	0.0%	0.0%	38.0%	0.0%	0.1%	4.6%	2.8%	54.5%	0.0%
r7_133seqs	6964	0.0%	0.0%	4.7%	0.0%	0.0%	0.0%	0.2%	2.0%	3.7%	89.4%	0.0%
r9_15seqs	6940	0.0%	0.0%	0.8%	0.0%	0.0%	0.0%	0.3%	3.7%	3.2%	92.0%	0.0%
r10_19seqs	5188	0.0%	0.0%	4.7%	0.0%	2.9%	0.0%	0.4%	2.6%	14.9%	74.4%	0.0%
r1_9seqs	3951	0.0%	0.0%	64.1%	0.0%	22.6%	0.0%	0.0%	5.2%	4.5%	3.6%	0.0%
r8_83seqs	3951	0.0%	0.0%	0.0%	10.5%	0.0%	0.0%	0.3%	5.6%	3.8%	79.7%	0.0%
r5_27seqs	3940	0.1%	0.0%	0.0%	1.8%	33.4%	0.0%	0.1%	11.8%	3.3%	49.6%	0.0%
r2_3seqs	362	0.8%	0.0%	0.0%	0.0%	72.4%	0.0%	0.0%	25.1%	0.8%	0.8%	0.0%
MEG-T2	109	0.0%	0.0%	0.0%	0.0%	0.0%	0.0%	0.0%	0.0%	0.0%	0.0%	100.0%
r4_32seqs	29	0.0%	0.0%	0.0%	0.0%	0.0%	0.0%	0.0%	79.3%	17.2%	3.4%	0.0%
MEG-RL	20	0.0%	0.0%	0.0%	0.0%	0.0%	0.0%	0.0%	0.0%	0.0%	65.0%	35.0%
MEG-TR	17	0.0%	0.0%	0.0%	0.0%	0.0%	0.0%	0.0%	0.0%	0.0%	0.0%	100.0%
MEG-RS	16	0.0%	0.0%	0.0%	0.0%	0.0%	0.0%	0.0%	0.0%	0.0%	25.0%	75.0%
