Subfamily	Assigned	TopN_Bitscore	Threshold
r1_r3_P1	14389	4049	1822
r6_210seqs	7062	2310	1040
r7_133seqs	6859	1702	766
r9_15seqs	6851	1201	540
r1_r3_P2	6726	2900	1305
r5_r6_P26	5641	3333	1500
r10_r8_P18	4240	2783	1252
r8_83seqs	3395	1859	837
r1_r2_r3_r3_C11	2924	5633	2535
r5_27seqs	2090	1825	821
r5_r3_P34	1554	3210	1445
r10_19seqs	851	1418	638
MEG-RS	818	1010	455
r5_r5_P48	437	2545	1145
r1_9seqs	372	1488	670
r3_58seqs	284	1949	877
MEG-T2	109	335	151
MEG-RL	20	634	285
MEG-TR	19	336	151
r4_32seqs	14	340	153
r2_3seqs	12	870	392
