sequence	group	genes	codon_coverage	frameshifts	internal_stops	N_in_genes	frameshift_where(gene@reference_nt)	stop_where(gene:codon)	d_to_own_mtDNA	d_to_NUMTB_cons	NUMT_private_alleles	NUMT_alleles_by_gene	mosaic_sites	mosaic_fracB	mosaic_windows	mosaic_switches
Sb1_own_mtDNA_polished	REF_own_mtDNA	13	1.000	0	0	0					1	ND5:1				
Stri_OZ418355_ref	GB_other_species	13	1.000	0	0	0										
Scau_NC_088062_ref	GB_other_species	13	1.000	0	0	0										
Scau_PP524730_CWJS202304	GB_other_species	13	1.000	0	0	0										
Sstr_NC_063779_ref	GB_other_species	13	1.000	0	0	1										
Sbet_NC_069019_DK_BMNT	GB_betulina_B	13	0.997	0	0	14			0.0515	0.0223	9	ND1:1 COX3:1 ND4:2 ND5:5	410	0.9683	BBBBBBBBBBBBBBBBBBBB	0
Scon_NC_027579_ref	GB_other_species	13	0.999	0	0	0										
Sbet_MZ570964_SV_8	GB_betulina_A	13	1.000	0	0	0			0.0075	0.0736	3	ND4:1 ND5:2	410	0.0098	AAAAAAAAAAAAAAAAAAAA	0
Sbet_MZ570963_SV_4	GB_betulina_A	13	1.000	0	0	0			0.0070	0.0738	1	ND4:1	410	0.0098	AAAAAAAAAAAAAAAAAAAA	0
Sbet_MZ570962_SV_2	GB_betulina_A	13	0.999	0	0	2			0.0177	0.0595	0		410	0.0073	AAAAAAAAAAAAAAAAAAAA	0
Sbet_MZ570961_NO_5	GB_betulina_A	13	1.000	0	0	0			0.0064	0.0732	0		410	0.0073	AAAAAAAAAAAAAAAAAAAA	0
Sbet_MZ570960_LET_2	GB_betulina_A	13	1.000	0	0	1			0.0113	0.0666	4	ND4:2 ND5:2	410	0.0220	AAAAAAAAAAAAAAAAAAAA	0
Sbet_MZ570959_EST_2	GB_betulina_A	13	1.000	0	0	0			0.0064	0.0732	0		410	0.0073	AAAAAAAAAAAAAAAAAAAA	0
Sbet_MZ570958_EST_1	GB_betulina_A	13	0.999	0	0	13			0.0113	0.0690	3	ND1:3	410	0.1341	BBBAAAAAAAAAAAAAAAAA	1
Sbet_MZ570957_DK_40NT	GB_betulina_A	13	1.000	0	0	0			0.0130	0.0650	0		410	0.0098	AAAAAAAAAAAAAAAAAAAA	0
Sbet_MZ570956_DK_39NT	GB_betulina_A	13	0.999	0	0	3			0.0087	0.0702	2	ND4:2	410	0.0073	AAAAAAAAAAAAAAAAAAAA	0
Sbet_MZ570955_DK_11NT	GB_betulina_A	13	1.000	0	0	0			0.0060	0.0725	2	ND4:2	410	0.0146	AAAAAAAAAAAAAAAAAAAA	0
Sbet_MZ570954_DK_10NT	GB_betulina_A	13	1.000	0	0	0			0.0066	0.0730	1	ND4:1	410	0.0073	AAAAAAAAAAAAAAAAAAAA	0
Sbet_MZ570953_SV_9	GB_betulina_B	13	0.994	0	0	45			0.0516	0.0227	3	ND4:1 ND5:1 ND6:1	410	0.9732	BBBBBBBBBBBBBBBBBBBB	0
Sbet_MZ570952_SV_7	GB_betulina_A	13	0.997	0	0	23			0.0208	0.0569	0		410	0.0780	AAAAAAAAAAAAAAAAAAAA	0
Sbet_MZ570951_SV_6	GB_betulina_B	13	0.994	0	0	48			0.0506	0.0233	3	ND4:1 ND5:2	410	0.9512	BBBBBBBBBBBBBBBBBBBB	0
Sbet_MZ570950_SV_3	GB_betulina_A	13	1.000	0	0	0			0.0172	0.0603	0		410	0.0244	AAAAAAAAAAAAAAAAAAAA	0
Sbet_MZ570949_SV_1	GB_betulina_A	13	0.999	0	0	2			0.0193	0.0581	2	ND4:1 ND5:1	410	0.0220	AAAAAAAAAAAAAAAAAAAA	0
Sbet_MZ570948_SLO_8	GB_betulina_A	13	1.000	0	0	1			0.0516	0.0544	3	ND3:2 ND5:1	410	0.6268	BBBBABABBBBBBBBBBBBB	4
Sbet_MZ570947_SLO_6	GB_betulina_A	13	1.000	0	0	0			0.0172	0.0614	0		410	0.0122	AAAAAAAAAAAAAAAAAAAA	0
Sbet_MZ570946_SLO_5	GB_betulina_A	13	1.000	0	0	1			0.0073	0.0723	0		410	0.0073	AAAAAAAAAAAAAAAAAAAA	0
Sbet_MZ570945_SLO_3	GB_betulina_B	13	0.999	0	0	3			0.0702	0.0632	7	ND3:7	410	0.6683	BBBBBBBBBBBBBBBBBBBB	0
Sbet_MZ570944_SLO_1	GB_betulina_B	13	0.993	0	0	61			0.0518	0.0229	2	ATP6:1 ND5:1	410	0.9732	BBBBBBBBBBBBBBBBBBBB	0
Sbet_MZ570943_RUS_5	GB_betulina_B	13	0.996	0	0	25			0.0518	0.0225	4	ND1:3 ND5:1	410	0.9854	BBBBBBBBBBBBBBBBBBBB	0
Sbet_MZ570942_RUS_4	GB_betulina_B	13	0.997	0	0	13			0.0501	0.0239	3	ND1:1 ND5:2	410	0.9488	BBBBBBBBBBBBBBBBBBBB	0
Sbet_MZ570941_RUS_2	GB_betulina_A	13	1.000	0	0	1			0.0166	0.0587	3	ND4:1 ND5:2	410	0.0244	AAAAAAAAAAAAAAAAAAAA	0
Sbet_MZ570940_RUS_1	GB_betulina_B	13	0.997	0	0	24			0.0516	0.0224	4	ND1:1 ND4:1 ND5:2	410	0.9878	BBBBBBBBBBBBBBBBBBBB	0
Sbet_MZ570939_NO_8	GB_betulina_A	13	1.000	0	0	0			0.0184	0.0603	0		410	0.0073	AAAAAAAAAAAAAAAAAAAA	0
Sbet_MZ570938_NO_4	GB_betulina_A	13	0.999	0	0	8			0.0100	0.0708	0		410	0.0073	AAAAAAAAAAAAAAAAAAAA	0
Sbet_MZ570937_NO_3	GB_betulina_A	13	0.999	0	0	7			0.0210	0.0576	0		410	0.0512	AAAAAAAAAAAAAAAAAAAA	0
Sbet_MZ570936_EST_5	GB_betulina_B	13	0.996	0	0	24			0.0551	0.0220	19	ND1:3 ND3:12 ND5:4	410	0.9878	BBBBBBBBBBBBBBBBBBBB	0
Sbet_MZ570935_EST_4	GB_betulina_B	13	0.998	0	0	15			0.0649	0.0548	3	ND1:1 ND3:2	410	0.7146	BBBBBBBBBBBBBBBBBBBB	0
Sbet_MZ570934_EST_3	GB_betulina_B	13	0.996	0	0	25			0.0530	0.0228	5	ND3:1 ND5:4	410	0.9829	BBBBBBBBBBBBBBBBBBBB	0
Sbet_MZ570933_DK_16S	GB_betulina_A	13	1.000	0	0	1			0.0198	0.0580	1	ND5:1	410	0.0268	AAAAAAAAAAAAAAAAAAAA	0
Sbet_MZ570932_DK_15S	GB_betulina_A	13	1.000	0	0	0			0.0123	0.0665	0		410	0.0073	AAAAAAAAAAAAAAAAAAAA	0
Sbet_MZ570931_DK_14S	GB_betulina_A	13	1.000	0	0	1			0.0198	0.0571	2	ND5:2	410	0.0415	AAAAAAAAAAAAAAAAAAAA	0
Sbet_MZ570930_DK_13S	GB_betulina_A	13	1.000	0	0	1			0.0183	0.0584	1	ND4:1	410	0.0024	AAAAAAAAAAAAAAAAAAAA	0
Sbet_MZ570929_DK_12S	GB_betulina_A	13	0.997	0	0	21			0.0159	0.0631	3	ND4:1 ND5:2	410	0.0122	AAAAAAAAAAAAAAAAAAAA	0
Sbet_MZ570928_DK_7S	GB_betulina_A	13	1.000	0	0	1			0.0192	0.0586	2	ND5:2	410	0.0098	AAAAAAAAAAAAAAAAAAAA	0
Sbet_MZ570927_DK_6S	GB_betulina_A	13	1.000	0	0	1			0.0203	0.0567	6	ND4:1 ND5:5	410	0.0439	AAAAAAAAAAAAAAAAAAAA	0
Sbet_MZ570926_DK_4S	GB_betulina_A	13	1.000	0	0	1			0.0211	0.0578	5	ND4:1 ND5:4	410	0.0415	AAAAAAAAAAAAAAAAAAAA	0
Sbet_MZ570925_DK_3S	GB_betulina_A	13	0.999	0	0	2			0.0164	0.0605	0		410	0.0000	AAAAAAAAAAAAAAAAAAAA	0
Sbet_MZ570924_DK_1S	GB_betulina_A	13	0.999	0	0	2			0.0201	0.0581	2	ND5:2	410	0.0293	AAAAAAAAAAAAAAAAAAAA	0
Sbet_MZ570923_DK_38NT	GB_betulina_B	13	0.995	0	0	35			0.0522	0.0216	9	ND1:2 COX3:1 ND4:2 ND5:4	410	0.9854	BBBBBBBBBBBBBBBBBBBB	0
Sbet_MZ570922_DK_37NT	GB_betulina_B	13	0.996	0	0	22			0.0428	0.0320	4	ND5:4	410	0.7415	BBBABBBABBABBBBBBBBB	6
Sbet_MZ570921_DK_34NT	GB_betulina_B	13	0.996	0	0	17			0.0521	0.0230	15	ND3:10 ND5:5	410	0.9488	BBBBBBBBBBBBBBBBBBBB	0
Sbet_MZ570920_DK_32NT	GB_betulina_B	13	0.996	0	0	20			0.0505	0.0234	4	ND4:2 ND5:1 ND6:1	410	0.9488	BBBBBBBBBBBBBBBBBBBB	0
Sbet_MZ570919_DK_28NT	GB_betulina_A	13	0.998	0	0	9			0.0311	0.0448	0		410	0.3756	BAAAAAABAABBBBAABAAB	8
Sbet_MZ570918_DK_26NT	GB_betulina_B	13	0.997	0	0	14			0.0526	0.0219	11	ND3:5 ND4:2 ND5:4	410	0.9829	BBBBBBBBBBBBBBBBBBBB	0
Sbet_MZ570917_DK_22NT	GB_betulina_A	13	1.000	0	0	1			0.0181	0.0588	2	ND4:2	410	0.0146	AAAAAAAAAAAAAAAAAAAA	0
Sbet_MZ570916_DK_21NT	GB_betulina_A	13	0.998	0	0	9			0.0302	0.0466	0		410	0.3366	BAAAABAAAABAAAAABBBA	7
Sbet_MZ570915_DK_19NT	GB_betulina_A	13	0.999	0	0	7			0.0298	0.0460	0		410	0.3415	BAAAABAAAABAAAAAABBA	7
Sbet_MZ570914_DK_5NT	GB_betulina_A	13	1.000	0	0	1			0.0184	0.0583	1	ND4:1	410	0.0049	AAAAAAAAAAAAAAAAAAAA	0
Sbet_MZ570913_DK_2NT	GB_betulina_A	13	1.000	0	0	1			0.0164	0.0606	0		410	0.0000	AAAAAAAAAAAAAAAAAAAA	0
Sbet_MZ570912_DK_BMNT	GB_betulina_B	13	0.997	0	0	14			0.0515	0.0223	9	ND1:1 COX3:1 ND4:2 ND5:5	410	0.9683	BBBBBBBBBBBBBBBBBBBB	0
Sstr_MZ562682_ref	GB_other_species	13	1.000	0	0	1										
Scon_KJ648496_ref	GB_other_species	13	0.999	0	0	0										
Sb1_NUMTB_ptg000147l_3247216_3266504	NUMT_B_family	13	0.990	5	3	0	ND2@nt832-end,COX1@nt1497-end,ND3@nt42-end,ND4@nt912,ND5@nt1684-end	ND1:codon255,COX1:codon179,COX2:codon108								
Sb1_NUMTB_ptg000296l_15866677_15885956	NUMT_B_family	13	0.990	6	2	0	ND2@nt832-end,COX1@nt1497-end,COX3@nt220-end,ND3@nt42-end,ND4@nt912-end,ND5@nt1684-end	ND1:codon255,COX1:codon179								
Sb1_NUMTA_ptg000319l_245442_264766	NUMT_A_young	13	0.999	3	0	0	ND2@nt976-end,COX3@nt277-end,ND4@nt919-end									
Sb1_NUMTB_ptg000016l_878989_898026	NUMT_B_family	12	0.961	8	3	0	ND1@nt261-end,COX1@nt1498-end,COX2@nt449-end,COX3@nt730-end,ND3@nt42-end,ND4@nt912-end,ND5@nt1684-end,ND6@nt445-end	ND1:codon134/255,COX1:codon179								
Sb1_NUMTB_ptg000719l_62615_81645	NUMT_B_family	12	0.961	8	4	0	ND1@nt261-end,COX1@nt1498-end,COX2@nt449-end,COX3@nt730-end,ND3@nt42-end,ND4@nt912-end,ND5@nt1684-end,ND6@nt445-end	ND1:codon134/255,COX1:codon179,ND5:codon574								
Sb1_NUMTB_ptg000141l_127173_146199	NUMT_B_family	12	0.961	8	3	0	ND1@nt261-end,COX1@nt1498-end,COX2@nt449-end,COX3@nt730-end,ND3@nt42-end,ND4@nt912-end,ND5@nt1684-end,ND6@nt445-end	ND1:codon134/255,COX1:codon179								
Sb1_NUMTB_ptg000410l_28472_47487	NUMT_B_family	12	0.960	8	2	0	ND1@nt261-end,ND2@nt832-end,COX1@nt1498-end,COX2@nt449-end,COX3@nt730-end,ND3@nt42-end,ND4@nt912-end,ND5@nt1684-end	ND1:codon255,COX1:codon179								
Sb1_NUMTB_ptg000025l_437386_456402	NUMT_B_family	12	0.960	8	3	0	ND1@nt261-end,ND2@nt832-end,COX1@nt1498-end,COX2@nt449-end,COX3@nt220-end,ND3@nt42-end,ND4@nt912,ND5@nt1684-end	ND1:codon134/255,COX1:codon179								
Sb1_NUMTB_ptg000309l_2071873_2090884	NUMT_B_family	12	0.960	9	2	0	ND1@nt261-end,ND2@nt832-end,COX1@nt1498-end,COX2@nt449-end,COX3@nt730-end,ND3@nt42-end,ND4@nt912,ND5@nt1684-end,ND6@nt286-end	ND1:codon255,COX1:codon179								
Sb1_NUMTB_ptg000309l_2380331_2399340	NUMT_B_family	12	0.959	9	3	0	ND1@nt261-end,ND2@nt832-end,COX1@nt790,COX2@nt449-end,COX3@nt730-end,ND3@nt42-end,ND4@nt912,ND5@nt1684-end,ND6@nt286-end	ND1:codon255,ND2:codon158,COX1:codon179								
Sb1_NUMTB_ptg000322l_65541_84567	NUMT_B_family	12	0.961	8	4	0	ND1@nt261-end,COX1@nt1498-end,COX2@nt449-end,COX3@nt730-end,ND3@nt42-end,ND4@nt912-end,ND5@nt1684-end,ND6@nt445-end	ND1:codon134/255,COX1:codon179,COX2:codon29								
Sb1_NUMTB_ptg000329l_386210_405236	NUMT_B_family	12	0.961	8	4	0	ND1@nt261-end,COX1@nt1498-end,COX2@nt449-end,COX3@nt730-end,ND3@nt42-end,ND4@nt912-end,ND5@nt1684-end,ND6@nt445-end	ND1:codon134/255,COX1:codon179,COX2:codon29								
Sb1_NUMTB_ptg000016l_507952_526978	NUMT_B_family	12	0.961	8	3	0	ND1@nt261-end,COX1@nt1498-end,COX2@nt449-end,COX3@nt730-end,ND3@nt42-end,ND4@nt912-end,ND5@nt1684-end,ND6@nt445-end	ND1:codon134/255,COX1:codon179								
Sb1_NUMTB_ptg000025l_337612_356627	NUMT_B_family	12	0.960	8	3	0	ND1@nt261-end,ND2@nt832-end,COX1@nt1498-end,COX2@nt449-end,COX3@nt730-end,ND3@nt42-end,ND4@nt912-end,ND5@nt1684-end	ND1:codon134/255,COX1:codon179								
Sb1_NUMTB_ptg000025l_587026_606042	NUMT_B_family	12	0.960	8	3	0	ND1@nt261-end,ND2@nt832-end,COX1@nt1498-end,COX2@nt449-end,COX3@nt730-end,ND3@nt42-end,ND4@nt912-end,ND5@nt1684-end	ND1:codon134/255,COX1:codon179								
Sb1_NUMTB_ptg000025l_126091_145106	NUMT_B_family	12	0.960	8	3	0	ND1@nt261-end,ND2@nt832-end,COX1@nt1498-end,COX2@nt449-end,COX3@nt730-end,ND3@nt42-end,ND4@nt912-end,ND5@nt1684-end	ND1:codon134/255,COX1:codon179								
Sb1_NUMTB_ptg000025l_279665_298679	NUMT_B_family	12	0.960	8	3	0	ND1@nt261-end,ND2@nt832-end,COX1@nt1498-end,COX2@nt449-end,COX3@nt730-end,ND3@nt42-end,ND4@nt912-end,ND5@nt1684-end	ND1:codon134/255,COX1:codon179								
Sb1_NUMTB_ptg000141l_918700_937727	NUMT_B_family	12	0.958	7	5	0	ND1@nt261-end,COX1@nt1498-end,COX2@nt449-end,COX3@nt730-end,ND4@nt912-end,ND5@nt1684-end,ND6@nt445-end	ND1:codon134/255,COX1:codon179,COX2:codon19,ND5:codon9								
Sb1_NUMTB_ptg000287l_430907_449922	NUMT_B_family	12	0.960	8	4	0	ND1@nt261-end,ND2@nt832-end,COX1@nt1498-end,COX2@nt449-end,COX3@nt730-end,ND3@nt42-end,ND4@nt912-end,ND5@nt1684-end	ND1:codon134/255,COX1:codon179,ND5:codon64								
Sb1_NUMTB_ptg000300l_1153196_1172208	NUMT_B_family	12	0.960	9	3	0	ND1@nt261-end,ND2@nt832-end,COX1@nt1498-end,COX2@nt449-end,COX3@nt730-end,ND3@nt42-end,ND4@nt912-end,ND5@nt1684-end,CYTB@nt16-end	ND1:codon255,COX1:codon179,ATP6:codon212								
Sb1_NUMTB_ptg000300l_1272153_1291170	NUMT_B_family	12	0.960	8	3	0	ND1@nt261-end,ND2@nt832-end,COX1@nt1498-end,COX2@nt449-end,COX3@nt730-end,ND3@nt42-end,ND4@nt912-end,ND5@nt1684-end	ND1:codon134/255,COX1:codon179								
Sb1_NUMTB_ptg000300l_1359557_1378574	NUMT_B_family	12	0.960	8	3	0	ND1@nt261-end,ND2@nt832-end,COX1@nt1498-end,COX2@nt449-end,COX3@nt730-end,ND3@nt42-end,ND4@nt912,ND5@nt1684-end	ND1:codon134/255,COX1:codon179								
Sb1_NUMTB_ptg000309l_2617534_2636544	NUMT_B_family	12	0.960	9	2	0	ND1@nt261-end,ND2@nt832-end,COX1@nt1498-end,COX2@nt449-end,COX3@nt730-end,ND3@nt42-end,ND4@nt912,ND5@nt1684-end,ND6@nt286-end	ND1:codon255,COX1:codon179								
Sb1_NUMTB_ptg000322l_426329_445353	NUMT_B_family	12	0.961	8	4	0	ND1@nt261-end,COX1@nt1273-end,COX2@nt449-end,COX3@nt730-end,ND3@nt42-end,ND4@nt912-end,ND5@nt1684-end,ND6@nt445-end	ND1:codon134/255,COX1:codon179,COX2:codon19								
Sb1_NUMTB_ptg000329l_103962_122973	NUMT_B_family	12	0.960	9	2	0	ND1@nt261-end,ND2@nt832-end,COX1@nt1498-end,COX2@nt449-end,COX3@nt730-end,ND3@nt42-end,ND4@nt912,ND5@nt1684-end,ND6@nt286-end	ND1:codon255,COX1:codon179								
Sb1_NUMTB_ptg000416l_307243_326259	NUMT_B_family	12	0.960	8	2	0	ND1@nt261-end,ND2@nt832-end,COX1@nt1498-end,COX2@nt449-end,COX3@nt730-end,ND3@nt49-end,ND4@nt912,ND5@nt1684-end	ND1:codon255,COX1:codon179								
Sb1_NUMTB_ptg000480l_398632_417659	NUMT_B_family	12	0.961	8	3	0	ND1@nt261-end,COX1@nt1498-end,COX2@nt449-end,COX3@nt730-end,ND3@nt42-end,ND4@nt912-end,ND5@nt1684-end,ND6@nt445-end	ND1:codon134/255,COX1:codon179								
Sb1_NUMTB_ptg000529l_379901_398928	NUMT_B_family	12	0.961	8	3	0	ND1@nt261-end,COX1@nt1498-end,COX2@nt449-end,COX3@nt730-end,ND3@nt42-end,ND4@nt912-end,ND5@nt1684-end,ND6@nt445-end	ND1:codon134/255,COX1:codon179								
Sb1_NUMTB_ptg000529l_758187_777215	NUMT_B_family	12	0.961	8	4	0	ND1@nt261-end,COX1@nt1498-end,COX2@nt449-end,COX3@nt730-end,ND3@nt42-end,ND4@nt912,ND5@nt1537-end,ND6@nt445-end	ND1:codon134/255,COX1:codon179,ND4:codon334								
Sb1_NUMTB_ptg000668l_203774_222789	NUMT_B_family	12	0.960	8	3	0	ND1@nt261-end,ND2@nt832-end,COX1@nt1498-end,COX2@nt449-end,COX3@nt730-end,ND3@nt42-end,ND4@nt912-end,ND5@nt1684-end	ND1:codon134/255,COX1:codon179								
Sb1_NUMTB_ptg000699l_75239_94253	NUMT_B_family	12	0.960	8	2	0	ND1@nt261-end,ND2@nt832-end,COX1@nt1498-end,COX2@nt449-end,COX3@nt730-end,ND3@nt42-end,ND4@nt912-end,ND5@nt1440-end	ND1:codon255,COX1:codon179								
Sb1_NUMTB_ptg001072l_4940_23966	NUMT_B_family	12	0.961	8	4	0	ND1@nt261-end,COX1@nt1498-end,COX2@nt449-end,COX3@nt730-end,ND3@nt42-end,ND4@nt912-end,ND5@nt1684-end,ND6@nt445-end	ND1:codon118/134/255,COX1:codon179								
Sb1_NUMTB_ptg000016l_1138406_1157430	NUMT_B_family	12	0.961	8	3	0	ND1@nt261-end,COX1@nt1498-end,COX2@nt449-end,COX3@nt730-end,ND3@nt42-end,ND4@nt912,ND5@nt1684-end,ND6@nt445-end	ND1:codon134/255,COX1:codon179								
Sb1_NUMTB_ptg000141l_620453_639476	NUMT_B_family	12	0.961	8	4	0	ND1@nt261-end,COX1@nt1498-end,COX2@nt449-end,COX3@nt730-end,ND3@nt42-end,ND4@nt912-end,ND5@nt1684-end,ND6@nt445-end	ND1:codon134/255,COX1:codon179,ND4:codon334								
Sb1_NUMTB_ptg000141l_530915_549937	NUMT_B_family	12	0.961	8	4	0	ND1@nt261-end,COX1@nt1273-end,COX2@nt449-end,COX3@nt730-end,ND3@nt42-end,ND4@nt912-end,ND5@nt1684-end,ND6@nt445-end	ND1:codon134/255,COX1:codon179,COX2:codon19								
Sb1_NUMTB_ptg000397l_210407_229433	NUMT_B_family	12	0.961	8	3	0	ND1@nt261-end,COX1@nt1498-end,COX2@nt449-end,COX3@nt730-end,ND3@nt42-end,ND4@nt912-end,ND5@nt1684-end,ND6@nt445-end	ND1:codon134/255,COX1:codon179								
Sb1_NUMTB_ptg000397l_441764_460789	NUMT_B_family	12	0.961	8	3	0	ND1@nt261-end,COX1@nt1498-end,COX2@nt449-end,COX3@nt730-end,ND3@nt42-end,ND4@nt912-end,ND5@nt1684-end,ND6@nt445-end	ND1:codon134/255,COX1:codon179								
Sb1_NUMTB_ptg000480l_147027_166053	NUMT_B_family	12	0.961	8	3	0	ND1@nt261-end,COX1@nt1498-end,COX2@nt449-end,COX3@nt730-end,ND3@nt42-end,ND4@nt912-end,ND5@nt1684-end,ND6@nt445-end	ND1:codon134/255,COX1:codon179								
Sb1_NUMTB_ptg000529l_685290_704313	NUMT_B_family	12	0.961	8	3	0	ND1@nt261-end,COX1@nt1498-end,COX2@nt449-end,COX3@nt730-end,ND3@nt42-end,ND4@nt912-end,ND5@nt1684-end,ND6@nt445-end	ND1:codon134/255,COX1:codon179								
Sb1_NUMTB_ptg000543l_305097_324097	NUMT_B_family	12	0.959	8	2	0	ND1@nt261-end,ND2@nt832-end,COX1@nt1498-end,COX2@nt449-end,COX3@nt730-end,ND3@nt42-end,ND4@nt912-end,ND5@nt1684-end	ND1:codon255,COX1:codon179								
Sb1_NUMTB_ptg000548l_221904_240929	NUMT_B_family	12	0.961	8	4	0	ND1@nt261-end,COX1@nt1273-end,COX2@nt449-end,COX3@nt730-end,ND3@nt42-end,ND4@nt912-end,ND5@nt1684-end,ND6@nt445-end	ND1:codon134/255,COX1:codon179,ND5:codon9								
Sb1_NUMTB_ptg000548l_274912_293931	NUMT_B_family	12	0.961	8	4	0	ND1@nt261-end,COX1@nt1498-end,COX2@nt449-end,COX3@nt730-end,ND3@nt42-end,ND4@nt912-end,ND5@nt1684-end,ND6@nt445-end	ND1:codon134/255,COX1:codon179,COX3:codon28								
Sb1_NUMTB_ptg000573l_249837_268860	NUMT_B_family	12	0.961	8	4	0	ND1@nt261-end,COX1@nt1498-end,COX2@nt449-end,COX3@nt730-end,ND3@nt42-end,ND4@nt912-end,ND5@nt1684-end,ND6@nt445-end	ND1:codon134/255,COX1:codon179,ND4:codon334								
Sb1_NUMTB_ptg000583l_322645_341668	NUMT_B_family	12	0.961	8	3	0	ND1@nt261-end,COX1@nt1498-end,COX2@nt449-end,COX3@nt730-end,ND3@nt42-end,ND4@nt760-end,ND5@nt889-end,ND6@nt445-end	ND1:codon134/255,COX1:codon179								
Sb1_NUMTB_ptg000650l_22597_41609	NUMT_B_family	12	0.956	7	3	0	ND1@nt261-end,ND2@nt832-end,COX1@nt1498-end,COX2@nt449-end,COX3@nt277-end,ND4@nt912-end,ND5@nt1684-end	ND1:codon255,COX1:codon179,CYTB:codon136								
Sb1_NUMTB_ptg000663l_259616_278638	NUMT_B_family	12	0.961	8	4	0	ND1@nt261-end,COX1@nt1273-end,COX2@nt449-end,COX3@nt730-end,ND3@nt42-end,ND4@nt1291-end,ND5@nt1684-end,ND6@nt253-end	ND1:codon134/255,COX1:codon179,ND6:codon121								
Sb1_NUMTB_ptg000663l_156634_175658	NUMT_B_family	12	0.961	8	3	0	ND1@nt261-end,COX1@nt1498-end,COX2@nt449-end,COX3@nt730-end,ND3@nt42-end,ND4@nt912,ND5@nt1684-end,ND6@nt445-end	ND1:codon134/255,COX1:codon179								
Sb1_NUMTB_ptg000719l_180679_199704	NUMT_B_family	12	0.961	8	4	0	ND1@nt261-end,COX1@nt1498-end,COX2@nt449-end,COX3@nt730-end,ND3@nt42-end,ND4@nt912-end,ND5@nt1684-end,ND6@nt445-end	ND1:codon134/255,COX1:codon179,CYTB:codon76								
Sb1_NUMTB_ptg000726l_101430_120425	NUMT_B_family	12	0.959	8	2	0	ND1@nt261-end,ND2@nt832-end,COX1@nt1498-end,COX2@nt449-end,COX3@nt730-end,ND3@nt42-end,ND4@nt912-end,ND5@nt1684-end	ND1:codon255,COX1:codon179								
Sb1_NUMTB_ptg000804l_6174_25188	NUMT_B_family	12	0.960	8	2	0	ND1@nt261-end,ND2@nt832-end,COX1@nt1498-end,COX2@nt449-end,COX3@nt730-end,ND3@nt42-end,ND4@nt912,ND5@nt1684-end	ND1:codon255,COX1:codon179								
Sb1_NUMTB_ptg000942l_56380_75377	NUMT_B_family	12	0.959	8	2	0	ND1@nt261-end,ND2@nt832-end,COX1@nt1498-end,COX2@nt449-end,COX3@nt730-end,ND3@nt42-end,ND4@nt912-end,ND5@nt1684-end	ND1:codon255,COX1:codon179								
Sb1_NUMTB_ptg000025l_741643_760656	NUMT_B_family	12	0.960	9	2	0	ND1@nt261-end,ND2@nt832-end,COX1@nt1498-end,COX2@nt449-end,COX3@nt730-end,ND3@nt42-end,ND4@nt200,ND4@nt1297-end,ND5@nt1684-end	ND1:codon255,COX1:codon179								
Sb1_NUMTB_ptg000141l_279213_298235	NUMT_B_family	12	0.961	9	3	0	ND1@nt261-end,COX1@nt1498-end,COX2@nt449-end,COX3@nt730-end,ND3@nt42-end,ND4@nt912,ND4@nt1285-end,ND5@nt1684-end,ND6@nt445-end	ND1:codon134/255,COX1:codon179								
Sb1_NUMTB_ptg000300l_1576144_1595159	NUMT_B_family	12	0.960	8	4	0	ND1@nt261-end,ND2@nt832-end,COX1@nt1498-end,COX2@nt449-end,COX3@nt730-end,ND3@nt42-end,ND4@nt912-end,ND5@nt1684-end	ND1:codon44/255,COX1:codon179,ND6:codon57								
Sb1_NUMTB_ptg000305l_464813_483826	NUMT_B_family	12	0.960	9	2	0	ND1@nt261-end,ND2@nt832-end,COX1@nt1498-end,COX2@nt449-end,COX3@nt730-end,ND3@nt42-end,ND4@nt200,ND4@nt1297-end,ND5@nt1684-end	ND1:codon255,COX1:codon179								
Sb1_NUMTB_ptg000322l_621130_640148	NUMT_B_family	12	0.961	8	4	0	ND1@nt261,COX1@nt1498-end,COX2@nt449-end,COX3@nt730-end,ND3@nt42-end,ND4@nt912-end,ND5@nt1684-end,ND6@nt445-end	ND1:codon134,COX1:codon179,COX3:codon28,ND4:codon196								
Sb1_NUMTB_ptg000411l_103824_122850	NUMT_B_family	12	0.961	8	5	0	ND1@nt261-end,COX1@nt1498-end,COX2@nt449-end,COX3@nt730-end,ND3@nt42-end,ND4@nt912-end,ND5@nt1684-end,ND6@nt445-end	ND1:codon134/255,COX1:codon179,ATP6:codon103,CYTB:codon76								
Sb1_NUMTB_ptg000411l_225328_244349	NUMT_B_family	12	0.961	8	5	0	ND1@nt261-end,COX1@nt1498-end,COX2@nt449-end,COX3@nt730-end,ND3@nt42-end,ND4@nt912-end,ND5@nt1684-end,ND6@nt445-end	ND1:codon134/255,COX1:codon179,COX3:codon28,ND4:codon196								
Sb1_NUMTB_ptg000498l_25913_44924	NUMT_B_family	12	0.960	8	2	0	ND1@nt261-end,ND2@nt832-end,COX1@nt790-end,COX2@nt449-end,COX3@nt730-end,ND3@nt42-end,ND4@nt912-end,ND5@nt1684-end	ND1:codon255,COX1:codon179								
Sb1_NUMTB_ptg000518l_241184_260194	NUMT_B_family	12	0.958	7	4	0	ND1@nt261-end,COX1@nt625-end,COX2@nt449-end,COX3@nt730-end,ND4@nt912-end,ND5@nt1684-end,ND6@nt445-end	ND1:codon134/255,COX1:codon179,ND5:codon9								
Sb1_NUMTB_ptg000529l_578865_597889	NUMT_B_family	12	0.961	8	4	0	ND1@nt261-end,COX1@nt1498-end,COX2@nt449-end,COX3@nt730-end,ND3@nt42-end,ND4@nt912-end,ND5@nt1684-end,ND6@nt445-end	ND1:codon134/255,COX1:codon179,ND5:codon9								
Sb1_NUMTB_ptg000535l_330344_349358	NUMT_B_family	12	0.960	8	3	0	ND1@nt261-end,ND2@nt832-end,COX1@nt1498-end,COX2@nt449-end,COX3@nt730-end,ND3@nt42-end,ND4@nt912-end,ND5@nt1684-end	ND1:codon255,COX1:codon179,ND4:codon161								
Sb1_NUMTB_ptg000583l_210788_229813	NUMT_B_family	12	0.961	8	4	0	ND1@nt261-end,COX1@nt1498-end,COX2@nt449-end,COX3@nt730-end,ND3@nt42-end,ND4@nt912-end,ND5@nt1684-end,ND6@nt445-end	ND1:codon134/255,COX1:codon179,ND5:codon9								
Sb1_NUMTB_ptg000652l_87731_106753	NUMT_B_family	12	0.961	8	3	0	ND1@nt261-end,COX1@nt1273-end,COX2@nt449-end,COX3@nt730-end,ND3@nt42-end,ND4@nt912,ND5@nt1684-end,ND6@nt445-end	ND1:codon134/255,COX1:codon179								
Sb1_NUMTB_ptg000715l_198523_217534	NUMT_B_family	12	0.960	9	3	0	ND1@nt261-end,ND2@nt832-end,COX1@nt1498-end,COX2@nt449-end,COX3@nt730-end,ND3@nt42-end,ND4@nt912-end,ND5@nt1684-end,ND6@nt286-end	ND1:codon255,COX1:codon179,ND5:codon232								
Sb1_NUMTB_ptg000016l_299971_318995	NUMT_B_family	12	0.961	8	3	0	ND1@nt261-end,COX1@nt1498-end,COX2@nt449-end,COX3@nt730-end,ND3@nt42-end,ND4@nt912-end,ND5@nt1684-end,ND6@nt445-end	ND1:codon134/255,COX1:codon179								
Sb1_NUMTB_ptg000287l_610589_629602	NUMT_B_family	12	0.960	8	2	0	ND1@nt261-end,ND2@nt832-end,COX1@nt1498-end,COX2@nt449-end,COX3@nt730-end,ND3@nt42-end,ND4@nt912,ND5@nt1684-end	ND1:codon255,COX1:codon179								
Sb1_NUMTB_ptg000290l_130659_149672	NUMT_B_family	12	0.960	8	3	0	ND1@nt261-end,ND2@nt832-end,COX1@nt1498-end,COX2@nt449-end,COX3@nt730-end,ND3@nt42-end,ND4@nt912-end,ND5@nt1684-end	ND1:codon255,COX1:codon179,CYTB:codon136								
Sb1_NUMTB_ptg000386l_189360_208372	NUMT_B_family	12	0.960	8	2	0	ND1@nt261-end,ND2@nt832-end,COX1@nt1498-end,COX2@nt449-end,COX3@nt730-end,ND3@nt42-end,ND4@nt912-end,ND5@nt1684-end	ND1:codon255,COX1:codon179								
Sb1_NUMTB_ptg000411l_50836_69861	NUMT_B_family	12	0.961	8	4	0	ND1@nt261-end,COX1@nt1498-end,COX2@nt449-end,COX3@nt730-end,ND3@nt42-end,ND4@nt912-end,ND5@nt1684-end,ND6@nt445-end	ND1:codon134/255,COX1:codon179,CYTB:codon76								
Sb1_NUMTB_ptg000480l_524283_543307	NUMT_B_family	12	0.961	8	4	0	ND1@nt261-end,COX1@nt1498-end,COX2@nt449-end,COX3@nt730-end,ND3@nt42-end,ND4@nt912,ND5@nt1684-end,ND6@nt445-end	ND1:codon134/255,COX1:codon179,CYTB:codon76								
Sb1_NUMTB_ptg000717l_59525_78535	NUMT_B_family	12	0.960	8	2	0	ND1@nt261-end,ND2@nt832-end,COX1@nt790-end,COX2@nt449-end,COX3@nt730-end,ND3@nt42-end,ND4@nt912-end,ND5@nt1684-end	ND1:codon255,COX1:codon179								
Sb1_NUMTB_ptg000503l_421346_440357	NUMT_B_family	12	0.960	8	2	0	ND1@nt261-end,ND2@nt832-end,COX1@nt1498-end,COX2@nt449-end,COX3@nt277-end,ND3@nt42-end,ND4@nt912-end,ND5@nt1684-end	ND1:codon255,COX1:codon179								
Sb1_NUMTB_ptg000535l_403455_422475	NUMT_B_family	12	0.958	7	4	0	ND1@nt261-end,COX1@nt1498-end,COX2@nt449-end,COX3@nt730-end,ND4@nt1285-end,ND5@nt1684-end,ND6@nt445-end	ND1:codon134/255,COX1:codon179,COX3:codon154								
Sb1_NUMTB_ptg000548l_103073_122092	NUMT_B_family	12	0.958	7	4	0	ND1@nt261-end,COX1@nt1498-end,COX2@nt449-end,COX3@nt730-end,ND4@nt912,ND5@nt1684-end,ND6@nt445-end	ND1:codon134/255,COX1:codon179,COX3:codon154								
Sb1_NUMTB_ptg000754l_2263_21281	NUMT_B_family	12	0.958	7	4	0	ND1@nt261-end,COX1@nt1498-end,COX2@nt449-end,COX3@nt730-end,ND4@nt912-end,ND5@nt1684-end,ND6@nt445-end	ND1:codon134/255,COX1:codon179,COX3:codon154								
Sb1_NUMTB_ptg000309l_63243_82247	NUMT_B_family	12	0.960	9	2	0	ND1@nt261-end,ND2@nt832-end,COX1@nt1498-end,COX2@nt449-end,COX3@nt730-end,ND3@nt42-end,ND4@nt912,ND5@nt1684-end,ND6@nt286-end	ND1:codon255,COX1:codon179								
Sb1_NUMTB_ptg000300l_679774_698776	NUMT_B_family	12	0.960	9	3	0	ND1@nt261-end,ND2@nt832-end,COX1@nt1498-end,COX2@nt449-end,COX3@nt730-end,ND3@nt49-end,ND4@nt912,ND5@nt1684-end,CYTB@nt16-end	ND1:codon255,COX1:codon179,COX2:codon188								
Sb1_NUMTB_ptg000583l_111501_130407	NUMT_B_family	12	0.961	8	3	0	ND1@nt261,COX1@nt1498-end,COX2@nt449-end,COX3@nt730-end,ND3@nt42-end,ND4@nt912-end,ND5@nt1684-end,ND6@nt445-end	ND1:codon118/134,COX1:codon179								
Sb1_NUMTB_ptg000070l_5613_24518	NUMT_B_family	12	0.965	4	3	0	ND2@nt832-end,COX1@nt1497-end,ND3@nt42,ND5@nt1684-end	ND1:codon255,COX1:codon179,CYTB:codon257								
Sb1_NUMTold_ptg000410l_1_16877	NUMT_old	12	0.846	31	3	0	ND1@nt261-end,ND2@nt832-end,COX1@nt1312,COX1@nt1346-end,COX2@nt351-end,ATP8@nt130-end,ATP6@nt235,COX3@nt176,COX3@nt518,ND4@nt177,ND4@nt436,ND4@nt551,ND4@nt754,ND4@nt862,ND4@nt1099,ND4@nt1192,ND5@nt33,ND5@nt315,ND5@nt653,ND5@nt708,ND5@nt796,ND5@nt873,ND5@nt966,ND5@nt1102,ND5@nt1208,ND5@nt1507,ND5@nt1735-end,ND6@nt124,CYTB@nt97,CYTB@nt412,CYTB@nt656-end	ND1:codon255,COX1:codon179,ND5:codon562								
Sb1_NUMTB_ptg000016l_612474_630083	NUMT_B_family	11	0.841	8	4	0	ND1@nt261-end,ND2@nt932-end,COX1@nt1498-end,COX2@nt449-end,COX3@nt730-end,ND3@nt42-end,ND5@nt1684-end,ND6@nt445-end	ND1:codon134/255,COX1:codon179,CYTB:codon76								
Sb1_NUMTB_ptg000298l_123582_141189	NUMT_B_family	11	0.841	7	4	0	ND1@nt261-end,COX1@nt1273-end,COX2@nt449-end,COX3@nt730-end,ND3@nt42-end,ND5@nt1684-end,ND6@nt445-end	ND1:codon134/255,COX1:codon179,ND5:codon553								
Sb1_NUMTB_ptg001062l_1_16060	NUMT_B_family	10	0.849	6	2	0	ND1@nt261-end,ND2@nt832-end,COX1@nt1498-end,COX2@nt449-end,ND4@nt912-end,ND5@nt1684-end	ND1:codon255,COX1:codon179								
Sb1_NUMTA_ptg000880l_1_13509	NUMT_A_young	12	0.916	1	0	0	ND2@nt971-end									
Stri_NUMT75_OZ418342_1_198926160_198941428	NUMT_trizona	7	0.636	18	12	0	ND1@nt322,ND1@nt610-end,ND2@nt769,ND2@nt830-end,COX1@nt46,COX1@nt748,COX1@nt1053,COX1@nt1344-end,COX2@nt205,COX2@nt351-end,ND5@nt126,ND5@nt645,ND5@nt1612,ND6@nt106,ND6@nt279,ND6@nt469-end,CYTB@nt73,CYTB@nt547	ND1:codon43,ND2:codon132,COX1:codon6/43/218,ND5:codon1/114/158/403/492,ND6:codon133/148								
Stri_NUMT76_OZ418342_1_205840818_205855896	NUMT_trizona	7	0.630	14	13	0	ND1@nt322,ND1@nt610-end,COX1@nt330,COX1@nt603,COX1@nt841,COX2@nt205-end,ND5@nt126,ND5@nt673,ND5@nt1296,ND6@nt180,ND6@nt294,ND6@nt469-end,CYTB@nt73,CYTB@nt547	ND1:codon43,ND2:codon132,COX1:codon6/250/420,ND5:codon1/66/114/158/403/492,ND6:codon148,CYTB:codon378								
Stri_NUMT77_OZ418342_1_182746068_182760119	NUMT_trizona	5	0.356	8	4	0	ND1@nt270,ND1@nt610-end,ND2@nt142,ND2@nt909-end,COX1@nt603,COX1@nt1023-end,COX2@nt205-end,CYTB@nt618	ND2:codon277,COX2:codon104,CYTB:codon224/378								
Stri_NUMT68_OZ418351_1_684590_689073	NUMT_trizona	0	0.000	0	0	0										
Stri_NUMT74_OZ418342_1_202914402_202925476	NUMT_trizona	5	0.441	13	9	0	COX1@nt330,COX1@nt748,COX1@nt1053-end,COX2@nt205,COX2@nt351-end,ND5@nt126,ND5@nt774,ND5@nt1689-end,ND6@nt180,ND6@nt294,ND6@nt346-end,CYTB@nt73,CYTB@nt547	COX1:codon6,ND5:codon1/66/114/158/403/492,ND6:codon148,CYTB:codon378								
Stri_NUMT67_OZ418345_1_117123729_117127966	NUMT_trizona	0	0.000	0	0	0										
Stri_NUMT74_OZ418347_1_149733501_149741667	NUMT_trizona	3	0.279	9	6	0	ND5@nt160,ND5@nt596,ND5@nt1354,ND5@nt1412-end,ND6@nt104-end,CYTB@nt2,CYTB@nt142,CYTB@nt791,CYTB@nt1036-end	ND5:codon96/179/219/518,ND6:codon7,CYTB:codon105								
Stri_NUMT74_OZ418342_1_182548645_182556204	NUMT_trizona	3	0.250	6	8	0	ND5@nt176,ND5@nt645,ND5@nt1603,ND6@nt14,ND6@nt368-end,CYTB@nt618	ND5:codon114/158/456/588,ND6:codon151,CYTB:codon224/315/378								
Stri_NUMT68_OZ418342_1_307288214_307299327	NUMT_trizona	2	0.109	7	7	0	COX1@nt657,COX1@nt791,COX1@nt1002,COX1@nt1257-end,COX2@nt154,COX2@nt286,COX2@nt502-end	COX1:codon363/428/438,COX2:codon18/110/114/141								
Stri_NUMT74_OZ418342_1_190249624_190255608	NUMT_trizona	1	0.143	3	3	0	ND5@nt97,ND5@nt359,ND5@nt645-end	ND5:codon114/158/367								
Stri_NUMT66_OZ418344_1_167414284_167420512	NUMT_trizona	2	0.152	8	5	0	ND5@nt203,ND5@nt619,ND5@nt758,ND5@nt952,ND5@nt984,ND5@nt1204-end,ND6@nt220,ND6@nt334	ND5:codon90/193/462,ND6:codon100/122								
Stri_NUMT74_OZ418342_1_204036665_204041816	NUMT_trizona	3	0.129	3	4	0	ATP6@nt193,ATP6@nt300,ATP6@nt394-end	ATP6:codon175,COX3:codon120/152,ND3:codon45								
Stri_NUMT78_OZ418345_1_171679546_171684142	NUMT_trizona	1	0.066	1	1	0	COX1@nt463-end	COX1:codon205								
Stri_NUMT71_OZ418343_1_142450271_142454824	NUMT_trizona	1	0.082	4	0	0	COX1@nt236,COX1@nt387,COX1@nt595,COX1@nt800-end									
Stri_NUMT69_OZ418342_1_307281716_307287873	NUMT_trizona	0	0.000	0	0	0										
Stri_NUMT69_OZ418350_1_125628323_125633378	NUMT_trizona	2	0.089	6	5	0	ND6@nt139,ND6@nt280,ND6@nt361,ND6@nt401-end,CYTB@nt598,CYTB@nt867-end	ND6:codon79/151/157,CYTB:codon311/322								
Stri_NUMT71_OZ418342_1_205860506_205866408	NUMT_trizona	0	0.000	0	0	0										
Stri_NUMT71_OZ418342_1_190231982_190238062	NUMT_trizona	0	0.000	0	0	0										
Stri_NUMT71_OZ418342_1_182563070_182568939	NUMT_trizona	0	0.000	0	0	0										
Stri_NUMT71_OZ418342_1_198913398_198919305	NUMT_trizona	0	0.000	0	0	0										
Stri_NUMT71_OZ418342_1_202933189_202939032	NUMT_trizona	0	0.000	0	0	0										
Stri_NUMT83_OZ418342_1_11990700_11994785	NUMT_trizona	1	0.046	0	1	0		ND6:codon157								
Stri_NUMT66_OZ418344_1_63791585_63795968	NUMT_trizona	0	0.000	0	0	0										
Stri_NUMT73_OZ418344_1_63805280_63810004	NUMT_trizona	0	0.000	0	0	0										
Stri_NUMT70_OZ418346_1_108811875_108816055	NUMT_trizona	0	0.000	0	0	0										
Stri_NUMT77_OZ418345_1_171228073_171232129	NUMT_trizona	0	0.000	0	0	0										
Stri_NUMT67_OZ418343_1_16444079_16449238	NUMT_trizona	0	0.000	0	0	0										
Stri_NUMT67_OZ418346_1_129407785_129412606	NUMT_trizona	0	0.000	0	0	0										
Stri_NUMT68_OZ418353_1_49335263_49340231	NUMT_trizona	0	0.000	0	0	0										
